"Game","Opening","CandidateColor","Result","Reason","Plies","TimeMode","WhiteClockMs","BlackClockMs","CandidateThinkMs","BaselineThinkMs","ClockTrace","Moves"
"1","0","white","draw","draw adjudication","114","sudden","711","839","3289","3161","0:w:4000:11:3989:20;1:b:4000:6:3994:20;2:w:3989:0:3989:20;3:b:3994:100:3894:20;4:w:3989:102:3887:20;5:b:3894:99:3795:20;6:w:3887:104:3783:20;7:b:3795:96:3699:20;8:w:3783:98:3685:20;9:b:3699:99:3600:20;10:w:3685:119:3566:20;11:b:3600:95:3505:20;12:w:3566:95:3471:20;13:b:3505:92:3413:20;14:w:3471:97:3374:20;15:b:3413:99:3314:20;16:w:3374:106:3268:20;17:b:3314:89:3225:20;18:w:3268:85:3183:20;19:b:3225:82:3143:20;20:w:3183:80:3103:20;21:b:3143:84:3059:20;22:w:3103:79:3024:20;23:b:3059:76:2983:20;24:w:3024:78:2946:20;25:b:2983:76:2907:20;26:w:2946:77:2869:20;27:b:2907:74:2833:20;28:w:2869:73:2796:20;29:b:2833:71:2762:20;30:w:2796:69:2727:20;31:b:2762:69:2693:20;32:w:2727:68:2659:20;33:b:2693:69:2624:20;34:w:2659:65:2594:20;35:b:2624:66:2558:20;36:w:2594:66:2528:20;37:b:2558:63:2495:20;38:w:2528:62:2466:20;39:b:2495:62:2433:20;40:w:2466:62:2404:20;41:b:2433:59:2374:20;42:w:2404:60:2344:20;43:b:2374:62:2312:20;44:w:2344:58:2286:20;45:b:2312:56:2256:20;46:w:2286:60:2226:20;47:b:2256:57:2199:20;48:w:2226:55:2171:20;49:b:2199:55:2144:20;50:w:2171:55:2116:20;51:b:2144:53:2091:20;52:w:2116:52:2064:20;53:b:2091:51:2040:20;54:w:2064:58:2006:20;55:b:2040:52:1988:20;56:w:2006:49:1957:20;57:b:1988:49:1939:20;58:w:1957:48:1909:20;59:b:1939:49:1890:20;60:w:1909:46:1863:20;61:b:1890:47:1843:20;62:w:1863:47:1816:20;63:b:1843:49:1794:20;64:w:1816:45:1771:20;65:b:1794:47:1747:20;66:w:1771:44:1727:20;67:b:1747:43:1704:20;68:w:1727:42:1685:20;69:b:1704:42:1662:20;70:w:1685:42:1643:20;71:b:1662:42:1620:20;72:w:1643:54:1589:20;73:b:1620:40:1580:20;74:w:1589:54:1535:20;75:b:1580:40:1540:20;76:w:1535:51:1484:20;77:b:1540:41:1499:20;78:w:1484:55:1429:20;79:b:1499:39:1460:20;80:w:1429:48:1381:20;81:b:1460:37:1423:20;82:w:1381:46:1335:20;83:b:1423:36:1387:20;84:w:1335:44:1291:20;85:b:1387:39:1348:20;86:w:1291:47:1244:20;87:b:1348:37:1311:20;88:w:1244:49:1195:20;89:b:1311:42:1269:20;90:w:1195:42:1153:20;91:b:1269:33:1236:20;92:w:1153:39:1114:20;93:b:1236:37:1199:20;94:w:1114:41:1073:20;95:b:1199:71:1128:20;96:w:1073:75:998:20;97:b:1128:33:1095:20;98:w:998:35:963:20;99:b:1095:33:1062:20;100:w:963:40:923:20;101:b:1062:32:1030:20;102:w:923:32:891:20;103:b:1030:46:984:20;104:w:891:39:852:20;105:b:984:36:948:20;106:w:852:30:822:20;107:b:948:28:920:20;108:w:822:29:793:20;109:b:920:27:893:20;110:w:793:26:767:20;111:b:893:29:864:20;112:w:767:28:739:20;113:b:864:25:839:20;114:w:739:28:711:20","e2e4 c7c5 g1f3 e7e6 f1e2 b8c6 c2c3 g8f6 e4e5 f6d5 e1g1 d7d6 d2d4 c5d4 c3d4 f8e7 c1d2 e8g8 b1c3 d8b6 c3d5 e6d5 d2c3 d6e5 f3e5 e7f6 e5c6 b7c6 e2d3 c8a6 g2g3 f8e8 a2a4 b6b7 a4a5 a6d3 d1d3 e8e6 a5a6 b7b6 f1e1 a8e8 e1e6 e8e6 g1f1 h7h5 a1e1 e6e1 f1e1 h5h4 e1e2 b6b3 d3f5 b3b5 f5d3 b5b8 d3f5 b8b5 f5d3 b5b8 d3f5 b8b5 f5d3 b5b8 d3f5 b8b5 f5d3 b5b8 d3f5 b8b5 f5d3 b5b3 d3f5 b3c4 f5d3 c4b3 e2f3 h4h3 d3e2 b3b8 e2e3 b8c8 e3d3 f6d8 c3b4 d8b6 b4d6 c8e6 d6e5 f7f6 e5f4 g8f7 g3g4 e6e1 g4g5 f6g5 d3f5 f7g8 f5c8 g8h7 c8f5 h7g8 f5c8 g8h7 c8f5 h7g8 f5c8 g8h7 c8f5 h7g8 f5c8 g8h7 c8f5 h7g8"
"2","0","black","draw","draw adjudication","99","sudden","1023","1018","2982","2977","0:w:4000:3:3997:20;1:b:4000:2:3998:20;2:w:3997:1:3996:20;3:b:3998:104:3894:20;4:w:3996:101:3895:20;5:b:3894:102:3792:20;6:w:3895:113:3782:20;7:b:3792:98:3694:20;8:w:3782:102:3680:20;9:b:3694:99:3595:20;10:w:3680:103:3577:20;11:b:3595:90:3505:20;12:w:3577:101:3476:20;13:b:3505:137:3368:20;14:w:3476:105:3371:20;15:b:3368:98:3270:20;16:w:3371:90:3281:20;17:b:3270:87:3183:20;18:w:3281:85:3196:20;19:b:3183:82:3101:20;20:w:3196:86:3110:20;21:b:3101:85:3016:20;22:w:3110:86:3024:20;23:b:3016:78:2938:20;24:w:3024:78:2946:20;25:b:2938:73:2865:20;26:w:2946:84:2862:20;27:b:2865:72:2793:20;28:w:2862:81:2781:20;29:b:2793:74:2719:20;30:w:2781:70:2711:20;31:b:2719:66:2653:20;32:w:2711:67:2644:20;33:b:2653:66:2587:20;34:w:2644:66:2578:20;35:b:2587:64:2523:20;36:w:2578:70:2508:20;37:b:2523:63:2460:20;38:w:2508:62:2446:20;39:b:2460:63:2397:20;40:w:2446:60:2386:20;41:b:2397:60:2337:20;42:w:2386:61:2325:20;43:b:2337:62:2275:20;44:w:2325:58:2267:20;45:b:2275:59:2216:20;46:w:2267:60:2207:20;47:b:2216:55:2161:20;48:w:2207:56:2151:20;49:b:2161:52:2109:20;50:w:2151:54:2097:20;51:b:2109:52:2057:20;52:w:2097:52:2045:20;53:b:2057:51:2006:20;54:w:2045:54:1991:20;55:b:2006:49:1957:20;56:w:1991:52:1939:20;57:b:1957:49:1908:20;58:w:1939:51:1888:20;59:b:1908:46:1862:20;60:w:1888:47:1841:20;61:b:1862:47:1815:20;62:w:1841:53:1788:20;63:b:1815:63:1752:20;64:w:1788:82:1706:20;65:b:1752:53:1699:20;66:w:1706:44:1662:20;67:b:1699:42:1657:20;68:w:1662:46:1616:20;69:b:1657:44:1613:20;70:w:1616:44:1572:20;71:b:1613:45:1568:20;72:w:1572:39:1533:20;73:b:1568:44:1524:20;74:w:1533:44:1489:20;75:b:1524:40:1484:20;76:w:1489:45:1444:20;77:b:1484:38:1446:20;78:w:1444:40:1404:20;79:b:1446:38:1408:20;80:w:1404:43:1361:20;81:b:1408:36:1372:20;82:w:1361:46:1315:20;83:b:1372:39:1333:20;84:w:1315:34:1281:20;85:b:1333:37:1296:20;86:w:1281:32:1249:20;87:b:1296:39:1257:20;88:w:1249:33:1216:20;89:b:1257:54:1203:20;90:w:1216:53:1163:20;91:b:1203:62:1141:20;92:w:1163:53:1110:20;93:b:1141:29:1112:20;94:w:1110:31:1079:20;95:b:1112:33:1079:20;96:w:1079:29:1050:20;97:b:1079:30:1049:20;98:w:1050:27:1023:20;99:b:1049:31:1018:20","e2e4 c7c5 g1f3 d7d6 f1b5 c8d7 b5d7 b8d7 c2c4 e7e6 e1g1 f8e7 h2h3 g8f6 d2d3 e8g8 b1c3 a7a6 c1f4 d8c7 f4h2 d7b8 f3d2 b8c6 f2f4 b7b5 c4b5 a6b5 c3b5 c7d7 d2c4 a8a6 a2a4 d6d5 c4e5 d7b7 e5c6 b7c6 f4f5 d5e4 f5e6 f7e6 d3e4 c5c4 e4e5 c6c5 g1h1 f6e4 d1d7 g8h8 f1f8 e7f8 h2g1 c5e5 g1d4 e4g3 h1g1 g3e2 g1h1 e2g3 h1g1 g3e2 g1h1 e2g3 h1g1 g3e2 g1h1 e2g3 h1g1 g3e2 g1h1 e2g3 h1g1 g3e2 g1h1 e2g3 h1g1 g3e2 g1h1 e2g3 h1g1 g3e2 g1h1 e2g3 h1g1 g3e2 g1h1 e2g3 h1g1 g3e2 g1h1 e2g3 h1g1 g3e2 g1h1 e2g3 h1g1 g3e2 g1h1"
"3","1","white","baseline","resignation","128","sudden","736","699","3264","3301","5:b:4000:114:3886:20;6:w:4000:100:3900:20;7:b:3886:102:3784:20;8:w:3900:140:3760:20;9:b:3784:111:3673:20;10:w:3760:97:3663:20;11:b:3673:97:3576:20;12:w:3663:95:3568:20;13:b:3576:96:3480:20;14:w:3568:89:3479:20;15:b:3480:87:3393:20;16:w:3479:94:3385:20;17:b:3393:88:3305:20;18:w:3385:90:3295:20;19:b:3305:82:3223:20;20:w:3295:83:3212:20;21:b:3223:81:3142:20;22:w:3212:80:3132:20;23:b:3142:78:3064:20;24:w:3132:78:3054:20;25:b:3064:79:2985:20;26:w:3054:77:2977:20;27:b:2985:76:2909:20;28:w:2977:77:2900:20;29:b:2909:72:2837:20;30:w:2900:72:2828:20;31:b:2837:75:2762:20;32:w:2828:76:2752:20;33:b:2762:71:2691:20;34:w:2752:74:2678:20;35:b:2691:79:2612:20;36:w:2678:67:2611:20;37:b:2612:67:2545:20;38:w:2611:66:2545:20;39:b:2545:69:2476:20;40:w:2545:74:2471:20;41:b:2476:74:2402:20;42:w:2471:66:2405:20;43:b:2402:72:2330:20;44:w:2405:64:2341:20;45:b:2330:61:2269:20;46:w:2341:59:2282:20;47:b:2269:64:2205:20;48:w:2282:57:2225:20;49:b:2205:56:2149:20;50:w:2225:58:2167:20;51:b:2149:65:2084:20;52:w:2167:59:2108:20;53:b:2084:55:2029:20;54:w:2108:51:2057:20;55:b:2029:53:1976:20;56:w:2057:60:1997:20;57:b:1976:61:1915:20;58:w:1997:54:1943:20;59:b:1915:49:1866:20;60:w:1943:48:1895:20;61:b:1866:47:1819:20;62:w:1895:45:1850:20;63:b:1819:45:1774:20;64:w:1850:45:1805:20;65:b:1774:45:1729:20;66:w:1805:44:1761:20;67:b:1729:47:1682:20;68:w:1761:46:1715:20;69:b:1682:46:1636:20;70:w:1715:44:1671:20;71:b:1636:46:1590:20;72:w:1671:52:1619:20;73:b:1590:40:1550:20;74:w:1619:39:1580:20;75:b:1550:41:1509:20;76:w:1580:41:1539:20;77:b:1509:49:1460:20;78:w:1539:39:1500:20;79:b:1460:35:1425:20;80:w:1500:37:1463:20;81:b:1425:41:1384:20;82:w:1463:39:1424:20;83:b:1384:58:1326:20;84:w:1424:60:1364:20;85:b:1326:53:1273:20;86:w:1364:48:1316:20;87:b:1273:37:1236:20;88:w:1316:34:1282:20;89:b:1236:35:1201:20;90:w:1282:36:1246:20;91:b:1201:33:1168:20;92:w:1246:34:1212:20;93:b:1168:39:1129:20;94:w:1212:31:1181:20;95:b:1129:33:1096:20;96:w:1181:29:1152:20;97:b:1096:32:1064:20;98:w:1152:32:1120:20;99:b:1064:31:1033:20;100:w:1120:35:1085:20;101:b:1033:27:1006:20;102:w:1085:27:1058:20;103:b:1006:25:981:20;104:w:1058:26:1032:20;105:b:981:26:955:20;106:w:1032:33:999:20;107:b:955:30:925:20;108:w:999:25:974:20;109:b:925:25:900:20;110:w:974:25:949:20;111:b:900:26:874:20;112:w:949:26:923:20;113:b:874:25:849:20;114:w:923:27:896:20;115:b:849:25:824:20;116:w:896:22:874:20;117:b:824:20:804:20;118:w:874:23:851:20;119:b:804:23:781:20;120:w:851:22:829:20;121:b:781:22:759:20;122:w:829:26:803:20;123:b:759:19:740:20;124:w:803:20:783:20;125:b:740:21:719:20;126:w:783:23:760:20;127:b:719:20:699:20;128:w:760:24:736:20","e2e4 e7e5 g1f3 b8c6 f1b5 a7a6 b5c6 d7c6 e1g1 c8g4 h2h3 g4h5 g2g4 h5g6 f3e5 d8h4 d1f3 f8d6 e5g6 h7g6 g1g2 e8c8 d2d4 c6c5 d4c5 d6c5 b1c3 c5d6 c1e3 g8e7 a1d1 e7c6 f1h1 c6e5 f3g3 e5c4 g3h4 c4e3 f2e3 h8h4 b2b3 d8e8 d1d3 h4h8 a2a4 e8e6 h3h4 d6e7 h4h5 g6h5 h1h5 h8h5 g4h5 c7c6 g2f3 e6e5 h5h6 g7h6 c3e2 f7f5 e4f5 e5f5 e2f4 e7g5 d3d6 f5f7 d6g6 c8c7 a4a5 c7d7 c2c4 f7e7 b3b4 d7e8 g6g8 e8d7 g8b8 d7c7 b8f8 c7d6 f8f5 e7e8 f5f7 e8e7 f7f5 e7e8 f5f7 e8e7 f7f5 e7e8 f5f7 e8e7 f7f5 e7e8 e3e4 d6e7 e4e5 g5f4 f5f4 e8f8 f4f8 e7f8 f3g4 f8f7 g4f5 h6h5 c4c5 h5h4 f5g4 f7e6 g4h4 e6e5 h4g5 e5d4 g5f6 d4c4 f6e5 c4b4 e5d4 b4a5 d4e5 a5b4 e5d4 a6a5 d4d3 b4b3 d3e4 b3b4"
"4","1","black","draw","max plies","160","sudden","270","328","3672","3730","5:b:4000:109:3891:20;6:w:4000:102:3898:20;7:b:3891:97:3794:20;8:w:3898:115:3783:20;9:b:3794:114:3680:20;10:w:3783:107:3676:20;11:b:3680:97:3583:20;12:w:3676:95:3581:20;13:b:3583:93:3490:20;14:w:3581:92:3489:20;15:b:3490:91:3399:20;16:w:3489:98:3391:20;17:b:3399:91:3308:20;18:w:3391:88:3303:20;19:b:3308:84:3224:20;20:w:3303:87:3216:20;21:b:3224:82:3142:20;22:w:3216:81:3135:20;23:b:3142:80:3062:20;24:w:3135:81:3054:20;25:b:3062:78:2984:20;26:w:3054:91:2963:20;27:b:2984:100:2884:20;28:w:2963:104:2859:20;29:b:2884:86:2798:20;30:w:2859:77:2782:20;31:b:2798:83:2715:20;32:w:2782:77:2705:20;33:b:2715:126:2589:20;34:w:2705:83:2622:20;35:b:2589:88:2501:20;36:w:2622:77:2545:20;37:b:2501:68:2433:20;38:w:2545:76:2469:20;39:b:2433:106:2327:20;40:w:2469:79:2390:20;41:b:2327:72:2255:20;42:w:2390:83:2307:20;43:b:2255:99:2156:20;44:w:2307:82:2225:20;45:b:2156:63:2093:20;46:w:2225:91:2134:20;47:b:2093:73:2020:20;48:w:2134:75:2059:20;49:b:2020:54:1966:20;50:w:2059:75:1984:20;51:b:1966:86:1880:20;52:w:1984:83:1901:20;53:b:1880:67:1813:20;54:w:1901:58:1843:20;55:b:1813:53:1760:20;56:w:1843:52:1791:20;57:b:1760:83:1677:20;58:w:1791:52:1739:20;59:b:1677:44:1633:20;60:w:1739:55:1684:20;61:b:1633:46:1587:20;62:w:1684:51:1633:20;63:b:1587:80:1507:20;64:w:1633:131:1502:20;65:b:1507:51:1456:20;66:w:1502:68:1434:20;67:b:1456:56:1400:20;68:w:1434:48:1386:20;69:b:1400:61:1339:20;70:w:1386:66:1320:20;71:b:1339:43:1296:20;72:w:1320:45:1275:20;73:b:1296:35:1261:20;74:w:1275:82:1193:20;75:b:1261:45:1216:20;76:w:1193:153:1040:20;77:b:1216:55:1161:20;78:w:1040:29:1011:20;79:b:1161:37:1124:20;80:w:1011:37:974:20;81:b:1124:38:1086:20;82:w:974:49:925:20;83:b:1086:28:1058:20;84:w:925:50:875:20;85:b:1058:30:1028:20;86:w:875:33:842:20;87:b:1028:28:1000:20;88:w:842:33:809:20;89:b:1000:27:973:20;90:w:809:29:780:20;91:b:973:24:949:20;92:w:780:20:760:20;93:b:949:27:922:20;94:w:760:20:740:20;95:b:922:24:898:20;96:w:740:19:721:20;97:b:898:23:875:20;98:w:721:19:702:20;99:b:875:24:851:20;100:w:702:25:677:20;101:b:851:42:809:20;102:w:677:30:647:20;103:b:809:25:784:20;104:w:647:19:628:20;105:b:784:29:755:20;106:w:628:19:609:20;107:b:755:19:736:20;108:w:609:34:575:20;109:b:736:25:711:20;110:w:575:15:560:20;111:b:711:18:693:20;112:w:560:14:546:20;113:b:693:17:676:20;114:w:546:15:531:20;115:b:676:18:658:20;116:w:531:17:514:20;117:b:658:18:640:20;118:w:514:17:497:20;119:b:640:21:619:20;120:w:497:19:478:20;121:b:619:15:604:20;122:w:478:12:466:20;123:b:604:16:588:20;124:w:466:12:454:20;125:b:588:15:573:20;126:w:454:13:441:20;127:b:573:16:557:20;128:w:441:13:428:20;129:b:557:14:543:20;130:w:428:12:416:20;131:b:543:14:529:20;132:w:416:10:406:20;133:b:529:15:514:20;134:w:406:10:396:20;135:b:514:14:500:20;136:w:396:11:385:20;137:b:500:13:487:20;138:w:385:19:366:20;139:b:487:12:475:20;140:w:366:10:356:20;141:b:475:11:464:20;142:w:356:8:348:20;143:b:464:17:447:20;144:w:348:10:338:20;145:b:447:16:431:20;146:w:338:11:327:20;147:b:431:15:416:20;148:w:327:9:318:20;149:b:416:16:400:20;150:w:318:11:307:20;151:b:400:20:380:20;152:w:307:14:293:20;153:b:380:16:364:20;154:w:293:9:284:20;155:b:364:13:351:20;156:w:284:7:277:20;157:b:351:12:339:20;158:w:277:7:270:20;159:b:339:11:328:20","e2e4 e7e5 g1f3 b8c6 f1b5 g8e7 e1g1 e7g6 c2c3 a7a6 b5e2 f8e7 d2d4 d7d6 f1e1 e8g8 c1e3 e5d4 c3d4 d6d5 b1c3 d5e4 c3e4 c6b4 e3d2 b4c6 d2c3 c6b4 c3d2 b4c6 d2c3 c6b4 e2c4 b4d5 c3d2 c7c6 h2h3 c8f5 e4c5 d8c8 a1c1 f8d8 d1b3 b7b5 c4f1 h7h6 c5d3 c8b7 f3e5 a8c8 d2a5 g6e5 e1e5 f5d3 f1d3 d8e8 d3f5 c8b8 f5e4 e7f6 e4d5 f6e5 d5c6 b8c8 d4d5 b7b8 g2g3 e5d6 b3f3 e8f8 g1g2 f7f5 c1e1 b5b4 e1e6 f5f4 g3g4 d6c7 a5c7 b8c7 c6a4 c8d8 a4b3 d8d6 h3h4 g8h8 f3e4 f4f3 g2h3 c7c1 e4e1 c1c5 e6e8 d6d8 e1e7 c5e7 e8e7 a6a5 e7b7 d8b8 b7c7 b8c8 c7c6 c8c6 d5c6 f8c8 b3d5 g7g5 h4g5 h6g5 h3g3 h8g7 g3f3 c8e8 d5e4 g7f8 f3e3 f8e7 f2f4 e8g8 f4g5 g8g5 e4f5 e7d6 e3f4 g5g8 b2b3 d6c6 f4e5 g8e8 f5e6 e8h8 g4g5 h8h2 g5g6 h2e2 e5f6 c6d6 e6f5 e2a2 g6g7 a2g2 f5g6 g2f2 f6g5 f2g2 g5f5 g2f2 f5e4 f2e2 e4d3 e2g2 g7g8q g2g3 d3e4 d6c7 e4e5 a5a4 g8f7 c7b8"
"5","2","white","candidate","resignation","121","sudden","715","756","3285","3244","7:b:4000:99:3901:20;8:w:4000:99:3901:20;9:b:3901:100:3801:20;10:w:3901:100:3801:20;11:b:3801:101:3700:20;12:w:3801:95:3706:20;13:b:3700:128:3572:20;14:w:3706:107:3599:20;15:b:3572:99:3473:20;16:w:3599:94:3505:20;17:b:3473:92:3381:20;18:w:3505:96:3409:20;19:b:3381:85:3296:20;20:w:3409:94:3315:20;21:b:3296:89:3207:20;22:w:3315:83:3232:20;23:b:3207:81:3126:20;24:w:3232:82:3150:20;25:b:3126:81:3045:20;26:w:3150:79:3071:20;27:b:3045:83:2962:20;28:w:3071:91:2980:20;29:b:2962:131:2831:20;30:w:2980:82:2898:20;31:b:2831:74:2757:20;32:w:2898:78:2820:20;33:b:2757:69:2688:20;34:w:2820:78:2742:20;35:b:2688:71:2617:20;36:w:2742:73:2669:20;37:b:2617:66:2551:20;38:w:2669:92:2577:20;39:b:2551:103:2448:20;40:w:2577:77:2500:20;41:b:2448:70:2378:20;42:w:2500:66:2434:20;43:b:2378:64:2314:20;44:w:2434:65:2369:20;45:b:2314:60:2254:20;46:w:2369:66:2303:20;47:b:2254:64:2190:20;48:w:2303:60:2243:20;49:b:2190:56:2134:20;50:w:2243:58:2185:20;51:b:2134:60:2074:20;52:w:2185:54:2131:20;53:b:2074:56:2018:20;54:w:2131:58:2073:20;55:b:2018:51:1967:20;56:w:2073:51:2022:20;57:b:1967:50:1917:20;58:w:2022:50:1972:20;59:b:1917:47:1870:20;60:w:1972:49:1923:20;61:b:1870:48:1822:20;62:w:1923:47:1876:20;63:b:1822:46:1776:20;64:w:1876:47:1829:20;65:b:1776:43:1733:20;66:w:1829:45:1784:20;67:b:1733:43:1690:20;68:w:1784:44:1740:20;69:b:1690:45:1645:20;70:w:1740:42:1698:20;71:b:1645:43:1602:20;72:w:1698:41:1657:20;73:b:1602:50:1552:20;74:w:1657:44:1613:20;75:b:1552:41:1511:20;76:w:1613:40:1573:20;77:b:1511:37:1474:20;78:w:1573:39:1534:20;79:b:1474:38:1436:20;80:w:1534:37:1497:20;81:b:1436:36:1400:20;82:w:1497:37:1460:20;83:b:1400:34:1366:20;84:w:1460:35:1425:20;85:b:1366:34:1332:20;86:w:1425:47:1378:20;87:b:1332:34:1298:20;88:w:1378:47:1331:20;89:b:1298:32:1266:20;90:w:1331:45:1286:20;91:b:1266:33:1233:20;92:w:1286:50:1236:20;93:b:1233:38:1195:20;94:w:1236:42:1194:20;95:b:1195:30:1165:20;96:w:1194:40:1154:20;97:b:1165:29:1136:20;98:w:1154:42:1112:20;99:b:1136:78:1058:20;100:w:1112:57:1055:20;101:b:1058:38:1020:20;102:w:1055:55:1000:20;103:b:1020:28:992:20;104:w:1000:35:965:20;105:b:992:29:963:20;106:w:965:34:931:20;107:b:963:32:931:20;108:w:931:32:899:20;109:b:931:28:903:20;110:w:899:32:867:20;111:b:903:27:876:20;112:w:867:34:833:20;113:b:876:28:848:20;114:w:833:35:798:20;115:b:848:22:826:20;116:w:798:28:770:20;117:b:826:24:802:20;118:w:770:28:742:20;119:b:802:28:774:20;120:w:742:27:715:20;121:b:774:18:756:20","e2e4 c7c5 g1f3 d7d6 d2d4 c5d4 f3d4 b8c6 b1c3 g8f6 c1g5 e7e6 d1d2 f8e7 e1c1 e8g8 d4b5 a7a6 b5d6 h7h6 g5f4 d8c7 d6f5 e6e5 f5e7 c7e7 f4e3 f8d8 c3d5 f6d5 e4d5 c8f5 f1c4 e7f6 c4b3 a6a5 e3b6 d8d7 a2a4 c6b4 b6a5 b4d5 b3d5 f5e4 c2c4 a8c8 a5c3 f6a6 d2e3 d7d5 e3e4 d5c5 b2b3 b7b5 d1d5 c5d5 e4d5 b5a4 d5e5 f7f6 e5d5 g8h8 c1b2 a4b3 h1a1 a6c4 d5c4 c8c4 a1a8 h8h7 a8a5 c4h4 h2h3 h4f4 f2f3 h7g6 b2b3 g6h7 a5d5 h7g8 c3e1 g8f7 e1g3 f7e6 g3f4 e6d5 f4e3 d5e6 b3c4 e6f7 c4d4 h6h5 d4e4 f7f8 e4f5 f8f7 f5e4 f7e6 e3c1 g7g6 c1b2 e6f7 b2d4 f7e6 d4e3 g6g5 g2g4 h5g4 h3g4 f6f5 g4f5 e6f6 e3d4 f6f7 e4d5 f7e7 d5e5 e7d7 f5f6 g5g4 f3g4"
"6","2","black","candidate","time","144","sudden","32","393","3607","4027","7:b:4000:104:3896:20;8:w:4000:105:3895:20;9:b:3896:101:3795:20;10:w:3895:100:3795:20;11:b:3795:100:3695:20;12:w:3795:96:3699:20;13:b:3695:93:3602:20;14:w:3699:95:3604:20;15:b:3602:97:3505:20;16:w:3604:89:3515:20;17:b:3505:87:3418:20;18:w:3515:100:3415:20;19:b:3418:115:3303:20;20:w:3415:87:3328:20;21:b:3303:87:3216:20;22:w:3328:84:3244:20;23:b:3216:84:3132:20;24:w:3244:86:3158:20;25:b:3132:83:3049:20;26:w:3158:85:3073:20;27:b:3049:76:2973:20;28:w:3073:77:2996:20;29:b:2973:79:2894:20;30:w:2996:80:2916:20;31:b:2894:81:2813:20;32:w:2916:73:2843:20;33:b:2813:71:2742:20;34:w:2843:71:2772:20;35:b:2742:69:2673:20;36:w:2772:69:2703:20;37:b:2673:67:2606:20;38:w:2703:74:2629:20;39:b:2606:70:2536:20;40:w:2629:67:2562:20;41:b:2536:64:2472:20;42:w:2562:65:2497:20;43:b:2472:61:2411:20;44:w:2497:67:2430:20;45:b:2411:64:2347:20;46:w:2430:64:2366:20;47:b:2347:64:2283:20;48:w:2366:62:2304:20;49:b:2283:67:2216:20;50:w:2304:67:2237:20;51:b:2216:55:2161:20;52:w:2237:55:2182:20;53:b:2161:66:2095:20;54:w:2182:86:2096:20;55:b:2095:62:2033:20;56:w:2096:56:2040:20;57:b:2033:50:1983:20;58:w:2040:53:1987:20;59:b:1983:52:1931:20;60:w:1987:59:1928:20;61:b:1931:49:1882:20;62:w:1928:50:1878:20;63:b:1882:49:1833:20;64:w:1878:51:1827:20;65:b:1833:64:1769:20;66:w:1827:54:1773:20;67:b:1769:52:1717:20;68:w:1773:51:1722:20;69:b:1717:45:1672:20;70:w:1722:49:1673:20;71:b:1672:41:1631:20;72:w:1673:41:1632:20;73:b:1631:40:1591:20;74:w:1632:45:1587:20;75:b:1591:40:1551:20;76:w:1587:72:1515:20;77:b:1551:49:1502:20;78:w:1515:41:1474:20;79:b:1502:63:1439:20;80:w:1474:47:1427:20;81:b:1439:42:1397:20;82:w:1427:41:1386:20;83:b:1397:63:1334:20;84:w:1386:62:1324:20;85:b:1334:47:1287:20;86:w:1324:42:1282:20;87:b:1287:39:1248:20;88:w:1282:44:1238:20;89:b:1248:36:1212:20;90:w:1238:78:1160:20;91:b:1212:34:1178:20;92:w:1160:32:1128:20;93:b:1178:43:1135:20;94:w:1128:31:1097:20;95:b:1135:35:1100:20;96:w:1097:130:967:20;97:b:1100:50:1050:20;98:w:967:57:910:20;99:b:1050:44:1006:20;100:w:910:59:851:20;101:b:1006:39:967:20;102:w:851:101:750:20;103:b:967:54:913:20;104:w:750:127:623:20;105:b:913:43:870:20;106:w:623:35:588:20;107:b:870:42:828:20;108:w:588:46:542:20;109:b:828:30:798:20;110:w:542:41:501:20;111:b:798:23:775:20;112:w:501:16:485:20;113:b:775:24:751:20;114:w:485:70:415:20;115:b:751:34:717:20;116:w:415:36:379:20;117:b:717:31:686:20;118:w:379:32:347:20;119:b:686:18:668:20;120:w:347:32:315:20;121:b:668:23:645:20;122:w:315:39:276:20;123:b:645:49:596:20;124:w:276:34:242:20;125:b:596:26:570:20;126:w:242:12:230:20;127:b:570:19:551:20;128:w:230:19:211:20;129:b:551:22:529:20;130:w:211:50:161:20;131:b:529:29:500:20;132:w:161:84:77:20;133:b:500:18:482:20;134:w:77:4:73:20;135:b:482:15:467:20;136:w:73:14:59:20;137:b:467:23:444:20;138:w:59:5:54:20;139:b:444:20:424:20;140:w:54:9:45:20;141:b:424:13:411:20;142:w:45:13:32:20;143:b:411:18:393:20;144:w:32:59:0:20","e2e4 c7c5 g1f3 d7d6 d2d4 c5d4 f3d4 g8f6 b1c3 a7a6 c1e3 e7e6 d1d2 b7b5 f2f3 b5b4 c3a4 d6d5 e4e5 f6d7 f3f4 d8a5 b2b3 d7c5 a4c5 f8c5 d4b5 c5f8 b5d6 f8d6 e5d6 e8g8 f1d3 b8c6 d2f2 d5d4 e3d4 c6d4 f2d4 c8b7 e1g1 a8d8 a1e1 b7d5 f4f5 d8d6 f1f4 e6f5 d4b4 a5b4 f4b4 d5e6 b4a4 g7g6 a4a6 d6a6 d3a6 f8a8 a6d3 a8a2 e1b1 g8f8 g1f2 f8e7 f2e3 h7h5 e3d4 h5h4 b3b4 e7d6 b4b5 e6d5 g2g3 h4g3 h2g3 a2a3 b1b2 a3a4 c2c4 d5f3 d3c2 a4a1 b2b3 f3b7 c4c5 d6d7 b3e3 a1f1 c2d3 f1d1 d4e5 d1c1 e5d4 c1d1 d4c4 b7g2 d3e2 d1b1 c4d4 b1b4 d4c3 b4e4 e3e4 f5e4 e2c4 f7f5 c3d4 g6g5 d4e5 e4e3 c4e2 g2h3 e5d4 h3g2 d4e5 g2h3 e5d4 h3g2 d4e3 d7c7 e3f2 g2b7 f2e3 b7h1 e2d3 f5f4 g3f4 g5f4 e3f4 h1c6 f4e5 c7d7 b5c6 d7c6 e5e6 c6c5 e6f7 c5d4 f7e8 d4d3 e8f8 d3d2 f8e8 d2d3"
"7","3","white","draw","max plies","160","sudden","499","435","3501","3565","5:b:4000:117:3883:20;6:w:4000:126:3874:20;7:b:3883:102:3781:20;8:w:3874:121:3753:20;9:b:3781:204:3577:20;10:w:3753:168:3585:20;11:b:3577:124:3453:20;12:w:3585:93:3492:20;13:b:3453:113:3340:20;14:w:3492:131:3361:20;15:b:3340:106:3234:20;16:w:3361:84:3277:20;17:b:3234:86:3148:20;18:w:3277:82:3195:20;19:b:3148:79:3069:20;20:w:3195:99:3096:20;21:b:3069:82:2987:20;22:w:3096:85:3011:20;23:b:2987:81:2906:20;24:w:3011:77:2934:20;25:b:2906:80:2826:20;26:w:2934:92:2842:20;27:b:2826:74:2752:20;28:w:2842:74:2768:20;29:b:2752:70:2682:20;30:w:2768:68:2700:20;31:b:2682:67:2615:20;32:w:2700:67:2633:20;33:b:2615:67:2548:20;34:w:2633:67:2566:20;35:b:2548:64:2484:20;36:w:2566:64:2502:20;37:b:2484:64:2420:20;38:w:2502:63:2439:20;39:b:2420:72:2348:20;40:w:2439:63:2376:20;41:b:2348:61:2287:20;42:w:2376:71:2305:20;43:b:2287:100:2187:20;44:w:2305:69:2236:20;45:b:2187:60:2127:20;46:w:2236:59:2177:20;47:b:2127:57:2070:20;48:w:2177:60:2117:20;49:b:2070:53:2017:20;50:w:2117:56:2061:20;51:b:2017:54:1963:20;52:w:2061:59:2002:20;53:b:1963:52:1911:20;54:w:2002:52:1950:20;55:b:1911:50:1861:20;56:w:1950:47:1903:20;57:b:1861:49:1812:20;58:w:1903:46:1857:20;59:b:1812:51:1761:20;60:w:1857:47:1810:20;61:b:1761:46:1715:20;62:w:1810:47:1763:20;63:b:1715:47:1668:20;64:w:1763:43:1720:20;65:b:1668:43:1625:20;66:w:1720:46:1674:20;67:b:1625:42:1583:20;68:w:1674:44:1630:20;69:b:1583:40:1543:20;70:w:1630:40:1590:20;71:b:1543:42:1501:20;72:w:1590:39:1551:20;73:b:1501:39:1462:20;74:w:1551:51:1500:20;75:b:1462:44:1418:20;76:w:1500:39:1461:20;77:b:1418:36:1382:20;78:w:1461:35:1426:20;79:b:1382:38:1344:20;80:w:1426:37:1389:20;81:b:1344:76:1268:20;82:w:1389:46:1343:20;83:b:1268:38:1230:20;84:w:1343:37:1306:20;85:b:1230:35:1195:20;86:w:1306:34:1272:20;87:b:1195:35:1160:20;88:w:1272:31:1241:20;89:b:1160:33:1127:20;90:w:1241:33:1208:20;91:b:1127:29:1098:20;92:w:1208:35:1173:20;93:b:1098:27:1071:20;94:w:1173:30:1143:20;95:b:1071:29:1042:20;96:w:1143:34:1109:20;97:b:1042:30:1012:20;98:w:1109:28:1081:20;99:b:1012:29:983:20;100:w:1081:31:1050:20;101:b:983:26:957:20;102:w:1050:26:1024:20;103:b:957:25:932:20;104:w:1024:27:997:20;105:b:932:26:906:20;106:w:997:26:971:20;107:b:906:23:883:20;108:w:971:26:945:20;109:b:883:24:859:20;110:w:945:23:922:20;111:b:859:23:836:20;112:w:922:24:898:20;113:b:836:21:815:20;114:w:898:23:875:20;115:b:815:22:793:20;116:w:875:22:853:20;117:b:793:20:773:20;118:w:853:21:832:20;119:b:773:19:754:20;120:w:832:21:811:20;121:b:754:20:734:20;122:w:811:20:791:20;123:b:734:19:715:20;124:w:791:20:771:20;125:b:715:17:698:20;126:w:771:18:753:20;127:b:698:18:680:20;128:w:753:19:734:20;129:b:680:17:663:20;130:w:734:19:715:20;131:b:663:17:646:20;132:w:715:17:698:20;133:b:646:17:629:20;134:w:698:17:681:20;135:b:629:16:613:20;136:w:681:16:665:20;137:b:613:16:597:20;138:w:665:17:648:20;139:b:597:16:581:20;140:w:648:16:632:20;141:b:581:17:564:20;142:w:632:20:612:20;143:b:564:16:548:20;144:w:612:15:597:20;145:b:548:14:534:20;146:w:597:15:582:20;147:b:534:15:519:20;148:w:582:14:568:20;149:b:519:13:506:20;150:w:568:14:554:20;151:b:506:14:492:20;152:w:554:14:540:20;153:b:492:15:477:20;154:w:540:14:526:20;155:b:477:16:461:20;156:w:526:14:512:20;157:b:461:13:448:20;158:w:512:13:499:20;159:b:448:13:435:20","e2e4 e7e6 d2d4 d7d5 b1c3 f8b4 e4d5 e6d5 f1d3 g8f6 g1f3 e8g8 e1g1 h7h6 c1f4 c7c5 d4c5 b4c5 d1d2 f8e8 f1e1 e8e1 a1e1 b8c6 h2h3 c8e6 a2a3 a7a6 f4g3 c5f8 e1d1 d8a5 c3e2 f6e4 d2a5 c6a5 e2f4 e4g3 f2g3 a8e8 g3g4 a5c6 c2c3 f8d6 f4e6 f7e6 g4g5 g8f7 g5h6 g7h6 c3c4 c6e5 f3e5 d6e5 c4d5 e6d5 d3e2 e8d8 b2b4 e5b2 e2f3 b2a3 d1d5 d8d5 f3d5 f7f6 d5b7 a3b4 b7a6 b4a5 a6c4 a5c7 g1f2 c7b6 f2e1 h6h5 c4d5 b6c7 d5a2 c7g3 e1d2 h5h4 d2c1 f6e5 c1b2 g3f4 b2b1 f4h2 b1c1 e5f6 c1d1 f6e5 d1c1 e5f6 c1d1 f6e5 d1c1 h2g3 c1b2 g3f4 a2f7 e5f6 f7d5 f6e5 d5b7 f4h2 b7a6 e5f4 a6c8 f4g5 b2c1 g5g6 c1b2 g6h6 c8b7 h6g5 b7c8 g5h6 b2c1 h6g6 c1b2 g6h6 b2c1 h6g6 c1b2 g6h6 b2c1 h6g5 c1b2 g5h6 b2c1 h6g5 c8b7 h2g3 b7c8 g3h2 c8b7 h2g3 b7c8 g3h2 c8b7 g5f5 g2g4 f5e5 g4g5 e5f5 g5g6 f5g6 c1d2 h2g3 b7c8 g6h6 d2e2 h6g6 e2f1 g3b8 f1f2 g6h6 f2g2 b8g3"
"8","3","black","draw","draw adjudication","134","sudden","399","535","3465","3601","5:b:4000:102:3898:20;6:w:4000:99:3901:20;7:b:3898:97:3801:20;8:w:3901:105:3796:20;9:b:3801:95:3706:20;10:w:3796:96:3700:20;11:b:3706:94:3612:20;12:w:3700:108:3592:20;13:b:3612:119:3493:20;14:w:3592:94:3498:20;15:b:3493:90:3403:20;16:w:3498:93:3405:20;17:b:3403:90:3313:20;18:w:3405:89:3316:20;19:b:3313:84:3229:20;20:w:3316:86:3230:20;21:b:3229:89:3140:20;22:w:3230:97:3133:20;23:b:3140:91:3049:20;24:w:3133:106:3027:20;25:b:3049:98:2951:20;26:w:3027:94:2933:20;27:b:2951:86:2865:20;28:w:2933:146:2787:20;29:b:2865:143:2722:20;30:w:2787:113:2674:20;31:b:2722:96:2626:20;32:w:2674:81:2593:20;33:b:2626:106:2520:20;34:w:2593:93:2500:20;35:b:2520:71:2449:20;36:w:2500:75:2425:20;37:b:2449:63:2386:20;38:w:2425:119:2306:20;39:b:2386:108:2278:20;40:w:2306:105:2201:20;41:b:2278:65:2213:20;42:w:2201:73:2128:20;43:b:2213:86:2127:20;44:w:2128:105:2023:20;45:b:2127:95:2032:20;46:w:2023:65:1958:20;47:b:2032:66:1966:20;48:w:1958:58:1900:20;49:b:1966:58:1908:20;50:w:1900:64:1836:20;51:b:1908:51:1857:20;52:w:1836:69:1767:20;53:b:1857:52:1805:20;54:w:1767:63:1704:20;55:b:1805:90:1715:20;56:w:1704:74:1630:20;57:b:1715:57:1658:20;58:w:1630:46:1584:20;59:b:1658:45:1613:20;60:w:1584:40:1544:20;61:b:1613:42:1571:20;62:w:1544:47:1497:20;63:b:1571:39:1532:20;64:w:1497:44:1453:20;65:b:1532:61:1471:20;66:w:1453:66:1387:20;67:b:1471:67:1404:20;68:w:1387:46:1341:20;69:b:1404:41:1363:20;70:w:1341:35:1306:20;71:b:1363:40:1323:20;72:w:1306:61:1245:20;73:b:1323:47:1276:20;74:w:1245:37:1208:20;75:b:1276:35:1241:20;76:w:1208:33:1175:20;77:b:1241:35:1206:20;78:w:1175:30:1145:20;79:b:1206:30:1176:20;80:w:1145:30:1115:20;81:b:1176:29:1147:20;82:w:1115:28:1087:20;83:b:1147:29:1118:20;84:w:1087:27:1060:20;85:b:1118:28:1090:20;86:w:1060:26:1034:20;87:b:1090:28:1062:20;88:w:1034:26:1008:20;89:b:1062:26:1036:20;90:w:1008:29:979:20;91:b:1036:26:1010:20;92:w:979:28:951:20;93:b:1010:26:984:20;94:w:951:25:926:20;95:b:984:33:951:20;96:w:926:30:896:20;97:b:951:29:922:20;98:w:896:27:869:20;99:b:922:32:890:20;100:w:869:66:803:20;101:b:890:27:863:20;102:w:803:33:770:20;103:b:863:31:832:20;104:w:770:23:747:20;105:b:832:27:805:20;106:w:747:20:727:20;107:b:805:20:785:20;108:w:727:27:700:20;109:b:785:31:754:20;110:w:700:73:627:20;111:b:754:30:724:20;112:w:627:29:598:20;113:b:724:17:707:20;114:w:598:29:569:20;115:b:707:20:687:20;116:w:569:18:551:20;117:b:687:21:666:20;118:w:551:15:536:20;119:b:666:19:647:20;120:w:536:21:515:20;121:b:647:17:630:20;122:w:515:14:501:20;123:b:630:18:612:20;124:w:501:21:480:20;125:b:612:14:598:20;126:w:480:13:467:20;127:b:598:14:584:20;128:w:467:19:448:20;129:b:584:17:567:20;130:w:448:21:427:20;131:b:567:18:549:20;132:w:427:16:411:20;133:b:549:14:535:20;134:w:411:12:399:20","e2e4 e7e6 d2d4 d7d5 b1c3 g8f6 c1g5 f8e7 e4e5 f6d7 g5e7 d8e7 f2f4 a7a6 d1d2 c7c5 g1f3 e8g8 d4c5 d7c5 f1d3 c8d7 e1g1 b8c6 c3e2 f7f6 e5f6 g7f6 a1e1 f8f7 c2c3 c5d3 d2d3 f7g7 d3d2 g8h8 e2g3 e7f7 f1f2 a8e8 f2e2 e8c8 b2b3 c8d8 c3c4 d5c4 b3c4 e6e5 d2e3 e5f4 e3f4 g7g4 f4h6 g4c4 g3h5 f7f8 h6f6 f8f6 h5f6 d7f5 e2f2 c4c2 g2g4 c2f2 g1f2 f5g6 g4g5 h8g7 f2g3 h7h6 h2h4 g6f7 e1b1 h6g5 h4g5 b7b5 b1h1 d8h8 h1c1 h8c8 c1h1 c8h8 h1c1 h8c8 c1h1 c8h8 h1c1 h8c8 c1h1 c8h8 h1c1 h8c8 f3e5 c6e7 c1h1 c8c3 g3g4 f7e6 g4f4 c3h3 h1h3 e6h3 f6e8 g7h7 f4e3 h3e6 a2a3 a6a5 e8c7 e7d5 c7d5 e6d5 e3d4 b5b4 a3b4 a5b4 e5d3 h7g6 d3b4 d5g8 b4d5 g8d5 d4d5 g6g5 d5c6 g5f4 c6b7 f4e4 b7a8 e4f4 a8b8 f4e4 b8b7 e4d5"
"9","4","white","draw","max plies","160","sudden","271","376","3729","3624","5:b:4000:99:3901:20;6:w:4000:102:3898:20;7:b:3901:98:3803:20;8:w:3898:98:3800:20;9:b:3803:95:3708:20;10:w:3800:95:3705:20;11:b:3708:100:3608:20;12:w:3705:92:3613:20;13:b:3608:98:3510:20;14:w:3613:92:3521:20;15:b:3510:88:3422:20;16:w:3521:89:3432:20;17:b:3422:91:3331:20;18:w:3432:90:3342:20;19:b:3331:140:3191:20;20:w:3342:106:3236:20;21:b:3191:87:3104:20;22:w:3236:84:3152:20;23:b:3104:83:3021:20;24:w:3152:81:3071:20;25:b:3021:85:2936:20;26:w:3071:79:2992:20;27:b:2936:84:2852:20;28:w:2992:81:2911:20;29:b:2852:75:2777:20;30:w:2911:77:2834:20;31:b:2777:75:2702:20;32:w:2834:70:2764:20;33:b:2702:71:2631:20;34:w:2764:70:2694:20;35:b:2631:65:2566:20;36:w:2694:70:2624:20;37:b:2566:63:2503:20;38:w:2624:68:2556:20;39:b:2503:64:2439:20;40:w:2556:64:2492:20;41:b:2439:66:2373:20;42:w:2492:64:2428:20;43:b:2373:62:2311:20;44:w:2428:64:2364:20;45:b:2311:58:2253:20;46:w:2364:58:2306:20;47:b:2253:57:2196:20;48:w:2306:62:2244:20;49:b:2196:58:2138:20;50:w:2244:64:2180:20;51:b:2138:56:2082:20;52:w:2180:55:2125:20;53:b:2082:52:2030:20;54:w:2125:54:2071:20;55:b:2030:85:1945:20;56:w:2071:69:2002:20;57:b:1945:64:1881:20;58:w:2002:50:1952:20;59:b:1881:50:1831:20;60:w:1952:47:1905:20;61:b:1831:46:1785:20;62:w:1905:65:1840:20;63:b:1785:47:1738:20;64:w:1840:66:1774:20;65:b:1738:47:1691:20;66:w:1774:61:1713:20;67:b:1691:45:1646:20;68:w:1713:58:1655:20;69:b:1646:44:1602:20;70:w:1655:63:1592:20;71:b:1602:46:1556:20;72:w:1592:55:1537:20;73:b:1556:39:1517:20;74:w:1537:53:1484:20;75:b:1517:46:1471:20;76:w:1484:60:1424:20;77:b:1471:39:1432:20;78:w:1424:47:1377:20;79:b:1432:36:1396:20;80:w:1377:47:1330:20;81:b:1396:36:1360:20;82:w:1330:44:1286:20;83:b:1360:38:1322:20;84:w:1286:45:1241:20;85:b:1322:35:1287:20;86:w:1241:43:1198:20;87:b:1287:40:1247:20;88:w:1198:41:1157:20;89:b:1247:33:1214:20;90:w:1157:40:1117:20;91:b:1214:39:1175:20;92:w:1117:42:1075:20;93:b:1175:32:1143:20;94:w:1075:38:1037:20;95:b:1143:32:1111:20;96:w:1037:43:994:20;97:b:1111:45:1066:20;98:w:994:34:960:20;99:b:1066:28:1038:20;100:w:960:33:927:20;101:b:1038:25:1013:20;102:w:927:34:893:20;103:b:1013:28:985:20;104:w:893:40:853:20;105:b:985:53:932:20;106:w:853:36:817:20;107:b:932:36:896:20;108:w:817:31:786:20;109:b:896:30:866:20;110:w:786:26:760:20;111:b:866:23:843:20;112:w:760:26:734:20;113:b:843:28:815:20;114:w:734:30:704:20;115:b:815:22:793:20;116:w:704:27:677:20;117:b:793:22:771:20;118:w:677:27:650:20;119:b:771:22:749:20;120:w:650:23:627:20;121:b:749:22:727:20;122:w:627:30:597:20;123:b:727:23:704:20;124:w:597:23:574:20;125:b:704:24:680:20;126:w:574:20:554:20;127:b:680:18:662:20;128:w:554:22:532:20;129:b:662:18:644:20;130:w:532:18:514:20;131:b:644:18:626:20;132:w:514:20:494:20;133:b:626:17:609:20;134:w:494:18:476:20;135:b:609:21:588:20;136:w:476:17:459:20;137:b:588:15:573:20;138:w:459:16:443:20;139:b:573:39:534:20;140:w:443:45:398:20;141:b:534:24:510:20;142:w:398:20:378:20;143:b:510:26:484:20;144:w:378:16:362:20;145:b:484:12:472:20;146:w:362:17:345:20;147:b:472:16:456:20;148:w:345:13:332:20;149:b:456:20:436:20;150:w:332:14:318:20;151:b:436:15:421:20;152:w:318:11:307:20;153:b:421:10:411:20;154:w:307:14:293:20;155:b:411:12:399:20;156:w:293:10:283:20;157:b:399:11:388:20;158:w:283:12:271:20;159:b:388:12:376:20","e2e4 c7c6 d2d4 d7d5 e4e5 c8f5 c2c3 e7e6 g1f3 c6c5 f1b5 b8d7 e1g1 a7a6 b5a4 a8c8 h2h3 b7b5 a4b3 g8e7 a2a4 e7c6 a4b5 a6b5 b1a3 c5c4 b3c2 f5c2 a3c2 f8e7 f3h2 e8g8 d1g4 g8h8 f2f4 f7f5 e5f6 d7f6 g4e6 b5b4 h2g4 b4c3 b2c3 f6e4 a1a6 d8e8 e6d5 e4c3 d5f3 c3b5 c1e3 c4c3 g4e5 c6b4 c2b4 e7b4 f1b1 b4e7 a6c6 b5d6 b1c1 c8c6 f3c6 d6b5 c6c4 e7a3 c1e1 a3b2 g1h2 b5d6 c4c5 e8d8 e3f2 f8f4 f2g3 f4f5 d4d5 d8f8 e5d7 f8g8 c5d6 c3c2 d6c7 c2c1q e1c1 b2c1 c7c1 g8d5 d7e5 d5e6 c1b2 h7h6 b2c3 f5f6 e5f3 e6c6 c3b3 c6e8 b3a2 f6e6 a2a3 h8h7 a3d3 e8g6 d3c4 e6e8 g3e5 e8e7 c4c5 g6f7 c5c2 f7g6 c2c5 g6f7 e5g3 e7e2 f3h4 f7e6 c5c7 e6e4 c7f7 e4e6 f7c7 e6e7 c7c4 e7e6 c4c7 e6e7 c7c4 e7e6 c4c7 e6e7 c7c4 e7e6 c4c7 e6e7 c7c4 e7e6 c4c7 e6e4 c7f7 e2c2 h4f3 c2e2 f3h4 e2c2 h4f3 c2e2 f3h4 e2c2 h4f3 c2e2 f3h4 e2c2 h4f3 c2e2 f3h4 e2c2 h4f3 c2e2"
"10","4","black","candidate","resignation","74","sudden","1544","1568","2432","2456","5:b:4000:101:3899:20;6:w:4000:100:3900:20;7:b:3899:101:3798:20;8:w:3900:133:3767:20;9:b:3798:118:3680:20;10:w:3767:100:3667:20;11:b:3680:93:3587:20;12:w:3667:94:3573:20;13:b:3587:89:3498:20;14:w:3573:91:3482:20;15:b:3498:87:3411:20;16:w:3482:90:3392:20;17:b:3411:86:3325:20;18:w:3392:85:3307:20;19:b:3325:85:3240:20;20:w:3307:86:3221:20;21:b:3240:83:3157:20;22:w:3221:84:3137:20;23:b:3157:78:3079:20;24:w:3137:77:3060:20;25:b:3079:79:3000:20;26:w:3060:78:2982:20;27:b:3000:78:2922:20;28:w:2982:75:2907:20;29:b:2922:72:2850:20;30:w:2907:72:2835:20;31:b:2850:75:2775:20;32:w:2835:74:2761:20;33:b:2775:70:2705:20;34:w:2761:68:2693:20;35:b:2705:72:2633:20;36:w:2693:71:2622:20;37:b:2633:71:2562:20;38:w:2622:77:2545:20;39:b:2562:63:2499:20;40:w:2545:65:2480:20;41:b:2499:67:2432:20;42:w:2480:92:2388:20;43:b:2432:88:2344:20;44:w:2388:74:2314:20;45:b:2344:60:2284:20;46:w:2314:61:2253:20;47:b:2284:64:2220:20;48:w:2253:58:2195:20;49:b:2220:58:2162:20;50:w:2195:61:2134:20;51:b:2162:54:2108:20;52:w:2134:58:2076:20;53:b:2108:56:2052:20;54:w:2076:60:2016:20;55:b:2052:53:1999:20;56:w:2016:54:1962:20;57:b:1999:51:1948:20;58:w:1962:53:1909:20;59:b:1948:51:1897:20;60:w:1909:50:1859:20;61:b:1897:53:1844:20;62:w:1859:50:1809:20;63:b:1844:57:1787:20;64:w:1809:45:1764:20;65:b:1787:45:1742:20;66:w:1764:46:1718:20;67:b:1742:42:1700:20;68:w:1718:49:1669:20;69:b:1700:43:1657:20;70:w:1669:41:1628:20;71:b:1657:48:1609:20;72:w:1628:44:1584:20;73:b:1609:41:1568:20;74:w:1584:40:1544:20","e2e4 c7c6 d2d4 d7d5 e4e5 c8f5 c2c3 e7e6 g1f3 b8d7 f1d3 f5d3 d1d3 g8e7 e1g1 c6c5 d4c5 e7c6 b2b4 a7a5 d3b5 d8c7 a2a3 f8e7 c1f4 e8g8 b1d2 d7e5 f3e5 c6e5 f4g3 c7c6 b5e2 e5d7 c3c4 b7b6 c4d5 c6d5 d2c4 a5b4 c5b6 d5b5 g3c7 a8a3 e2d2 a3c3 c4d6 b5c6 a1a6 d7b6 a6b6 c6c7 b6b7 c7d6 d2d6 e7d6 f1d1 d6c5 g2g3 c3c2 d1f1 f8d8 h2h4 h7h6 g1h1 c5f2 g3g4 d8d4 h4h5 d4f4 b7b5 g8h7 b5b8 f4g4"
"11","5","white","draw","max plies","160","sudden","394","484","3606","3516","6:w:4000:99:3901:20;7:b:4000:122:3878:20;8:w:3901:128:3773:20;9:b:3878:100:3778:20;10:w:3773:95:3678:20;11:b:3778:98:3680:20;12:w:3678:97:3581:20;13:b:3680:96:3584:20;14:w:3581:90:3491:20;15:b:3584:92:3492:20;16:w:3491:99:3392:20;17:b:3492:106:3386:20;18:w:3392:85:3307:20;19:b:3386:84:3302:20;20:w:3307:82:3225:20;21:b:3302:82:3220:20;22:w:3225:80:3145:20;23:b:3220:85:3135:20;24:w:3145:80:3065:20;25:b:3135:81:3054:20;26:w:3065:76:2989:20;27:b:3054:77:2977:20;28:w:2989:77:2912:20;29:b:2977:79:2898:20;30:w:2912:73:2839:20;31:b:2898:78:2820:20;32:w:2839:69:2770:20;33:b:2820:70:2750:20;34:w:2770:68:2702:20;35:b:2750:68:2682:20;36:w:2702:72:2630:20;37:b:2682:66:2616:20;38:w:2630:87:2543:20;39:b:2616:70:2546:20;40:w:2543:65:2478:20;41:b:2546:65:2481:20;42:w:2478:94:2384:20;43:b:2481:81:2400:20;44:w:2384:68:2316:20;45:b:2400:62:2338:20;46:w:2316:63:2253:20;47:b:2338:59:2279:20;48:w:2253:60:2193:20;49:b:2279:60:2219:20;50:w:2193:55:2138:20;51:b:2219:59:2160:20;52:w:2138:54:2084:20;53:b:2160:56:2104:20;54:w:2084:58:2026:20;55:b:2104:58:2046:20;56:w:2026:51:1975:20;57:b:2046:56:1990:20;58:w:1975:60:1915:20;59:b:1990:51:1939:20;60:w:1915:47:1868:20;61:b:1939:51:1888:20;62:w:1868:45:1823:20;63:b:1888:52:1836:20;64:w:1823:47:1776:20;65:b:1836:48:1788:20;66:w:1776:46:1730:20;67:b:1788:50:1738:20;68:w:1730:44:1686:20;69:b:1738:45:1693:20;70:w:1686:42:1644:20;71:b:1693:42:1651:20;72:w:1644:43:1601:20;73:b:1651:48:1603:20;74:w:1601:42:1559:20;75:b:1603:42:1561:20;76:w:1559:40:1519:20;77:b:1561:43:1518:20;78:w:1519:80:1439:20;79:b:1518:62:1456:20;80:w:1439:51:1388:20;81:b:1456:42:1414:20;82:w:1388:42:1346:20;83:b:1414:41:1373:20;84:w:1346:37:1309:20;85:b:1373:37:1336:20;86:w:1309:37:1272:20;87:b:1336:39:1297:20;88:w:1272:37:1235:20;89:b:1297:39:1258:20;90:w:1235:33:1202:20;91:b:1258:37:1221:20;92:w:1202:29:1173:20;93:b:1221:40:1181:20;94:w:1173:30:1143:20;95:b:1181:30:1151:20;96:w:1143:36:1107:20;97:b:1151:29:1122:20;98:w:1107:30:1077:20;99:b:1122:29:1093:20;100:w:1077:31:1046:20;101:b:1093:28:1065:20;102:w:1046:28:1018:20;103:b:1065:34:1031:20;104:w:1018:25:993:20;105:b:1031:28:1003:20;106:w:993:24:969:20;107:b:1003:25:978:20;108:w:969:24:945:20;109:b:978:26:952:20;110:w:945:25:920:20;111:b:952:24:928:20;112:w:920:22:898:20;113:b:928:23:905:20;114:w:898:22:876:20;115:b:905:23:882:20;116:w:876:23:853:20;117:b:882:24:858:20;118:w:853:29:824:20;119:b:858:21:837:20;120:w:824:27:797:20;121:b:837:24:813:20;122:w:797:28:769:20;123:b:813:21:792:20;124:w:769:28:741:20;125:b:792:24:768:20;126:w:741:30:711:20;127:b:768:19:749:20;128:w:711:24:687:20;129:b:749:20:729:20;130:w:687:25:662:20;131:b:729:19:710:20;132:w:662:28:634:20;133:b:710:18:692:20;134:w:634:22:612:20;135:b:692:18:674:20;136:w:612:22:590:20;137:b:674:19:655:20;138:w:590:21:569:20;139:b:655:17:638:20;140:w:569:21:548:20;141:b:638:17:621:20;142:w:548:21:527:20;143:b:621:22:599:20;144:w:527:19:508:20;145:b:599:16:583:20;146:w:508:18:490:20;147:b:583:14:569:20;148:w:490:18:472:20;149:b:569:13:556:20;150:w:472:19:453:20;151:b:556:15:541:20;152:w:453:15:438:20;153:b:541:15:526:20;154:w:438:15:423:20;155:b:526:13:513:20;156:w:423:14:409:20;157:b:513:15:498:20;158:w:409:15:394:20;159:b:498:14:484:20","d2d4 g8f6 c2c4 e7e6 b1c3 f8b4 g1f3 e8g8 c1g5 c7c5 d4c5 b8a6 g5d2 b4c3 d2c3 f6e4 d1d4 e4c3 d4c3 a6c5 e2e3 b7b6 f1e2 c8b7 e1g1 d8e7 b2b4 c5e4 c3b2 f8c8 f1c1 e7f6 b2f6 e4f6 f3d2 a7a5 a2a3 g8f8 f2f3 d7d6 d2b3 f6d7 a1b1 f8e7 b3d4 g7g6 e2f1 a5b4 a3b4 a8a2 d4b5 b7a6 b5d4 c8c7 h2h3 d7f6 b4b5 a6b7 b1a1 a2a1 c1a1 d6d5 c4d5 b7d5 e3e4 e6e5 d4e2 d5e6 e2c1 c7c5 a1b1 f6d7 c1d3 c5c3 d3b4 d7c5 b1a1 e6b3 a1a8 e7d6 a8d8 d6c7 d8f8 c7d6 f8d8 d6c7 d8e8 c7d6 e8d8 c5d7 h3h4 b3e6 b4c6 h7h5 g1f2 c3c2 f2e3 c2a2 f1e2 a2b2 g2g3 d6c7 d8a8 c7d6 a8d8 d6c7 d8a8 c7d6 a8d8 d6c7 d8e8 b2b3 e3f2 b3b2 f2e3 c7d6 e8d8 d6c7 d8a8 c7d6 a8d8 d6c7 d8g8 b2b3 e3f2 b3b2 f2e3 c7d6 g8d8 d6c7 d8g8 c7d6 g8d8 d6c7 d8a8 c7d6 a8d8 d6c7 d8a8 c7d6 a8d8 d6c7 d8a8 c7d6 a8d8 d6c7 d8a8 c7d6 a8d8 d6c7 d8e8 c7d6 e8d8 d6c7 d8e8 c7d6 e8d8 d6c7 d8e8 c7d6"
"12","5","black","candidate","checkmate","138","sudden","277","246","3754","3723","6:w:4000:101:3899:20;7:b:4000:98:3902:20;8:w:3899:103:3796:20;9:b:3902:130:3772:20;10:w:3796:97:3699:20;11:b:3772:136:3636:20;12:w:3699:98:3601:20;13:b:3636:122:3514:20;14:w:3601:92:3509:20;15:b:3514:123:3391:20;16:w:3509:110:3399:20;17:b:3391:145:3246:20;18:w:3399:98:3301:20;19:b:3246:113:3133:20;20:w:3301:85:3216:20;21:b:3133:105:3028:20;22:w:3216:84:3132:20;23:b:3028:104:2924:20;24:w:3132:83:3049:20;25:b:2924:100:2824:20;26:w:3049:77:2972:20;27:b:2824:95:2729:20;28:w:2972:77:2895:20;29:b:2729:92:2637:20;30:w:2895:75:2820:20;31:b:2637:89:2548:20;32:w:2820:72:2748:20;33:b:2548:86:2462:20;34:w:2748:73:2675:20;35:b:2462:85:2377:20;36:w:2675:71:2604:20;37:b:2377:83:2294:20;38:w:2604:64:2540:20;39:b:2294:84:2210:20;40:w:2540:77:2463:20;41:b:2210:119:2091:20;42:w:2463:81:2382:20;43:b:2091:73:2018:20;44:w:2382:68:2314:20;45:b:2018:73:1945:20;46:w:2314:83:2231:20;47:b:1945:81:1864:20;48:w:2231:64:2167:20;49:b:1864:73:1791:20;50:w:2167:98:2069:20;51:b:1791:64:1727:20;52:w:2069:53:2016:20;53:b:1727:63:1664:20;54:w:2016:151:1865:20;55:b:1664:95:1569:20;56:w:1865:82:1783:20;57:b:1569:70:1499:20;58:w:1783:53:1730:20;59:b:1499:55:1444:20;60:w:1730:50:1680:20;61:b:1444:53:1391:20;62:w:1680:50:1630:20;63:b:1391:47:1344:20;64:w:1630:53:1577:20;65:b:1344:50:1294:20;66:w:1577:57:1520:20;67:b:1294:48:1246:20;68:w:1520:46:1474:20;69:b:1246:50:1196:20;70:w:1474:58:1416:20;71:b:1196:54:1142:20;72:w:1416:48:1368:20;73:b:1142:49:1093:20;74:w:1368:42:1326:20;75:b:1093:42:1051:20;76:w:1326:44:1282:20;77:b:1051:49:1002:20;78:w:1282:60:1222:20;79:b:1002:38:964:20;80:w:1222:33:1189:20;81:b:964:35:929:20;82:w:1189:31:1158:20;83:b:929:44:885:20;84:w:1158:141:1017:20;85:b:885:46:839:20;86:w:1017:49:968:20;87:b:839:40:799:20;88:w:968:102:866:20;89:b:799:73:726:20;90:w:866:87:779:20;91:b:726:40:686:20;92:w:779:67:712:20;93:b:686:38:648:20;94:w:712:41:671:20;95:b:648:35:613:20;96:w:671:46:625:20;97:b:613:47:566:20;98:w:625:25:600:20;99:b:566:25:541:20;100:w:600:68:532:20;101:b:541:56:485:20;102:w:532:33:499:20;103:b:485:47:438:20;104:w:499:24:475:20;105:b:438:20:418:20;106:w:475:12:463:20;107:b:418:15:403:20;108:w:463:16:447:20;109:b:403:17:386:20;110:w:447:18:429:20;111:b:386:16:370:20;112:w:429:13:416:20;113:b:370:15:355:20;114:w:416:13:403:20;115:b:355:13:342:20;116:w:403:11:392:20;117:b:342:13:329:20;118:w:392:10:382:20;119:b:329:12:317:20;120:w:382:16:366:20;121:b:317:13:304:20;122:w:366:14:352:20;123:b:304:12:292:20;124:w:352:15:337:20;125:b:292:11:281:20;126:w:337:14:323:20;127:b:281:11:270:20;128:w:323:11:312:20;129:b:270:9:261:20;130:w:312:13:299:20;131:b:261:11:250:20;132:w:299:14:285:20;133:b:250:4:246:20;134:w:285:6:279:20;135:b:246:0:246:20;136:w:279:1:278:20;137:b:246:0:246:20;138:w:278:1:277:20","d2d4 g8f6 c2c4 e7e6 b1c3 f8b4 g1f3 e8g8 d1c2 d7d5 a2a3 b4c3 c2c3 b7b6 e2e3 c8b7 c4d5 d8d5 f1e2 f8c8 e1g1 b7a6 e2a6 b8a6 b2b4 c7c5 d4c5 b6c5 c3b2 c5b4 a3b4 d5b7 c1d2 f6e4 f1b1 a6c7 d2e1 c7d5 f3d4 a7a6 h2h3 h7h6 b1c1 e4d6 d4b3 c8c1 a1c1 b7b6 b3a5 b6b5 c1c5 b5d3 a5c6 d3e4 b2d2 g8h7 c6a5 a8b8 a5c6 b8b6 d2c1 f7f6 c6d4 e6e5 d4e6 d5b4 e1b4 e4b4 c1d1 d6e8 d1d3 h7h8 d3d7 b6e6 d7e6 b4c5 e6e8 h8h7 e8e6 a6a5 e6f5 h7h8 f5d7 c5c1 g1h2 c1c2 d7d8 h8h7 d8a5 c2f2 a5c3 f2f5 c3c6 f5g6 c6a8 g6f5 a8c6 f5b1 c6d7 b1e4 d7e8 e4e3 h3h4 e3f4 h2h3 f4f5 h3h2 f5f4 g2g3 f4f2 h2h3 f2f5 h3g2 h6h5 e8c6 e5e4 c6a8 f5g4 a8e8 g4f3 g2h2 e4e3 e8b8 f3f2 h2h3 f2f5 h3g2 f5c2 g2h3 c2e4 g3g4 e3e2 h3h2 e2e1q b8b7 e4e5 h2g2 e5g3"
"13","6","white","draw","max plies","160","sudden","482","411","3518","3589","6:w:4000:104:3896:20;7:b:4000:101:3899:20;8:w:3896:100:3796:20;9:b:3899:113:3786:20;10:w:3796:98:3698:20;11:b:3786:101:3685:20;12:w:3698:101:3597:20;13:b:3685:110:3575:20;14:w:3597:116:3481:20;15:b:3575:91:3484:20;16:w:3481:86:3395:20;17:b:3484:111:3373:20;18:w:3395:113:3282:20;19:b:3373:90:3283:20;20:w:3282:83:3199:20;21:b:3283:84:3199:20;22:w:3199:83:3116:20;23:b:3199:81:3118:20;24:w:3116:78:3038:20;25:b:3118:77:3041:20;26:w:3038:77:2961:20;27:b:3041:82:2959:20;28:w:2961:74:2887:20;29:b:2959:83:2876:20;30:w:2887:73:2814:20;31:b:2876:72:2804:20;32:w:2814:74:2740:20;33:b:2804:78:2726:20;34:w:2740:75:2665:20;35:b:2726:70:2656:20;36:w:2665:70:2595:20;37:b:2656:67:2589:20;38:w:2595:69:2526:20;39:b:2589:78:2511:20;40:w:2526:67:2459:20;41:b:2511:66:2445:20;42:w:2459:81:2378:20;43:b:2445:82:2363:20;44:w:2378:70:2308:20;45:b:2363:68:2295:20;46:w:2308:59:2249:20;47:b:2295:60:2235:20;48:w:2249:59:2190:20;49:b:2235:57:2178:20;50:w:2190:58:2132:20;51:b:2178:59:2119:20;52:w:2132:63:2069:20;53:b:2119:60:2059:20;54:w:2069:54:2015:20;55:b:2059:62:1997:20;56:w:2015:51:1964:20;57:b:1997:50:1947:20;58:w:1964:50:1914:20;59:b:1947:52:1895:20;60:w:1914:48:1866:20;61:b:1895:47:1848:20;62:w:1866:52:1814:20;63:b:1848:48:1800:20;64:w:1814:47:1767:20;65:b:1800:49:1751:20;66:w:1767:43:1724:20;67:b:1751:44:1707:20;68:w:1724:42:1682:20;69:b:1707:43:1664:20;70:w:1682:41:1641:20;71:b:1664:41:1623:20;72:w:1641:40:1601:20;73:b:1623:42:1581:20;74:w:1601:40:1561:20;75:b:1581:42:1539:20;76:w:1561:40:1521:20;77:b:1539:40:1499:20;78:w:1521:38:1483:20;79:b:1499:39:1460:20;80:w:1483:37:1446:20;81:b:1460:44:1416:20;82:w:1446:37:1409:20;83:b:1416:38:1378:20;84:w:1409:39:1370:20;85:b:1378:35:1343:20;86:w:1370:34:1336:20;87:b:1343:33:1310:20;88:w:1336:40:1296:20;89:b:1310:35:1275:20;90:w:1296:42:1254:20;91:b:1275:44:1231:20;92:w:1254:31:1223:20;93:b:1231:31:1200:20;94:w:1223:31:1192:20;95:b:1200:30:1170:20;96:w:1192:36:1156:20;97:b:1170:29:1141:20;98:w:1156:35:1121:20;99:b:1141:63:1078:20;100:w:1121:33:1088:20;101:b:1078:43:1035:20;102:w:1088:29:1059:20;103:b:1035:32:1003:20;104:w:1059:26:1033:20;105:b:1003:30:973:20;106:w:1033:32:1001:20;107:b:973:25:948:20;108:w:1001:25:976:20;109:b:948:25:923:20;110:w:976:26:950:20;111:b:923:31:892:20;112:w:950:24:926:20;113:b:892:28:864:20;114:w:926:27:899:20;115:b:864:30:834:20;116:w:899:25:874:20;117:b:834:25:809:20;118:w:874:22:852:20;119:b:809:23:786:20;120:w:852:21:831:20;121:b:786:24:762:20;122:w:831:27:804:20;123:b:762:19:743:20;124:w:804:21:783:20;125:b:743:26:717:20;126:w:783:22:761:20;127:b:717:23:694:20;128:w:761:24:737:20;129:b:694:19:675:20;130:w:737:21:716:20;131:b:675:18:657:20;132:w:716:19:697:20;133:b:657:19:638:20;134:w:697:19:678:20;135:b:638:17:621:20;136:w:678:18:660:20;137:b:621:16:605:20;138:w:660:23:637:20;139:b:605:18:587:20;140:w:637:16:621:20;141:b:587:15:572:20;142:w:621:15:606:20;143:b:572:20:552:20;144:w:606:16:590:20;145:b:552:21:531:20;146:w:590:17:573:20;147:b:531:14:517:20;148:w:573:16:557:20;149:b:517:14:503:20;150:w:557:19:538:20;151:b:503:15:488:20;152:w:538:14:524:20;153:b:488:37:451:20;154:w:524:17:507:20;155:b:451:13:438:20;156:w:507:12:495:20;157:b:438:11:427:20;158:w:495:13:482:20;159:b:427:16:411:20","d2d4 d7d5 c2c4 e7e6 b1c3 g8f6 g1f3 f8e7 c4d5 e6d5 c1f4 c7c6 e2e3 f6h5 f4g3 e8g8 f1e2 b8d7 a2a3 f8e8 e1g1 h5g3 h2g3 d7f6 e2d3 g7g6 b2b4 a7a6 d1c2 e7d6 f1e1 c8g4 e3e4 d5e4 c3e4 f6e4 d3e4 g8g7 d4d5 f7f5 e4d3 g4f3 e1e8 d8e8 g2f3 c6d5 f3f4 a8d8 a1d1 d5d4 c2b3 d6e7 d1e1 e8f8 b4b5 a6a5 b3c2 e7c5 a3a4 b7b6 e1e5 d8d7 c2e2 d7e7 g1f1 h7h5 e5e7 f8e7 e2e5 e7e5 f4e5 c5b4 f1e2 b4a3 f2f4 g7f8 e2f3 a3b4 d3c2 b4e7 c2b1 e7a3 b1d3 a3b4 d3c2 b4e7 c2b1 e7b4 b1c2 b4e7 c2b1 e7a3 b1d3 a3b4 d3c2 b4c5 c2d3 c5b4 d3c2 b4c5 c2d3 c5b4 d3c2 b4c5 c2d3 c5b4 d3c2 b4c5 c2d3 c5b4 d3c2 b4c5 c2d3 c5a3 d3c2 a3c5 c2d3 c5b4 d3c2 b4c5 c2d3 c5b4 d3c2 b4c5 c2d3 c5b4 d3c2 b4c5 c2d3 c5b4 d3c2 b4c5 c2d3 c5b4 d3c2 b4c5 c2d3 c5b4 d3c2 b4c5 c2d3 c5b4 d3c2 b4c5 c2d3 c5b4 d3c2 b4c5 c2d3 c5b4 d3c2 b4c5 c2d3 c5b4 d3c2 b4c5 c2d3 c5a3 d3c2 a3c5"
"14","6","black","draw","max plies","160","sudden","485","382","3618","3515","6:w:4000:101:3899:20;7:b:4000:122:3878:20;8:w:3899:108:3791:20;9:b:3878:108:3770:20;10:w:3791:99:3692:20;11:b:3770:97:3673:20;12:w:3692:96:3596:20;13:b:3673:93:3580:20;14:w:3596:90:3506:20;15:b:3580:89:3491:20;16:w:3506:87:3419:20;17:b:3491:87:3404:20;18:w:3419:87:3332:20;19:b:3404:84:3320:20;20:w:3332:85:3247:20;21:b:3320:83:3237:20;22:w:3247:81:3166:20;23:b:3237:81:3156:20;24:w:3166:80:3086:20;25:b:3156:80:3076:20;26:w:3086:76:3010:20;27:b:3076:75:3001:20;28:w:3010:75:2935:20;29:b:3001:75:2926:20;30:w:2935:76:2859:20;31:b:2926:74:2852:20;32:w:2859:72:2787:20;33:b:2852:71:2781:20;34:w:2787:70:2717:20;35:b:2781:69:2712:20;36:w:2717:74:2643:20;37:b:2712:73:2639:20;38:w:2643:75:2568:20;39:b:2639:68:2571:20;40:w:2568:65:2503:20;41:b:2571:67:2504:20;42:w:2503:83:2420:20;43:b:2504:94:2410:20;44:w:2420:75:2345:20;45:b:2410:62:2348:20;46:w:2345:65:2280:20;47:b:2348:64:2284:20;48:w:2280:59:2221:20;49:b:2284:58:2226:20;50:w:2221:58:2163:20;51:b:2226:59:2167:20;52:w:2163:57:2106:20;53:b:2167:58:2109:20;54:w:2106:55:2051:20;55:b:2109:53:2056:20;56:w:2051:51:2000:20;57:b:2056:55:2001:20;58:w:2000:52:1948:20;59:b:2001:54:1947:20;60:w:1948:49:1899:20;61:b:1947:48:1899:20;62:w:1899:52:1847:20;63:b:1899:48:1851:20;64:w:1847:47:1800:20;65:b:1851:47:1804:20;66:w:1800:47:1753:20;67:b:1804:47:1757:20;68:w:1753:44:1709:20;69:b:1757:44:1713:20;70:w:1709:43:1666:20;71:b:1713:44:1669:20;72:w:1666:47:1619:20;73:b:1669:45:1624:20;74:w:1619:42:1577:20;75:b:1624:41:1583:20;76:w:1577:41:1536:20;77:b:1583:46:1537:20;78:w:1536:75:1461:20;79:b:1537:49:1488:20;80:w:1461:50:1411:20;81:b:1488:41:1447:20;82:w:1411:42:1369:20;83:b:1447:41:1406:20;84:w:1369:39:1330:20;85:b:1406:37:1369:20;86:w:1330:36:1294:20;87:b:1369:38:1331:20;88:w:1294:37:1257:20;89:b:1331:37:1294:20;90:w:1257:37:1220:20;91:b:1294:39:1255:20;92:w:1220:35:1185:20;93:b:1255:33:1222:20;94:w:1185:37:1148:20;95:b:1222:29:1193:20;96:w:1148:30:1118:20;97:b:1193:43:1150:20;98:w:1118:30:1088:20;99:b:1150:46:1104:20;100:w:1088:28:1060:20;101:b:1104:42:1062:20;102:w:1060:29:1031:20;103:b:1062:35:1027:20;104:w:1031:26:1005:20;105:b:1027:35:992:20;106:w:1005:26:979:20;107:b:992:33:959:20;108:w:979:25:954:20;109:b:959:32:927:20;110:w:954:23:931:20;111:b:927:32:895:20;112:w:931:23:908:20;113:b:895:30:865:20;114:w:908:24:884:20;115:b:865:29:836:20;116:w:884:21:863:20;117:b:836:28:808:20;118:w:863:23:840:20;119:b:808:27:781:20;120:w:840:24:816:20;121:b:781:28:753:20;122:w:816:21:795:20;123:b:753:26:727:20;124:w:795:21:774:20;125:b:727:23:704:20;126:w:774:28:746:20;127:b:704:27:677:20;128:w:746:18:728:20;129:b:677:23:654:20;130:w:728:18:710:20;131:b:654:22:632:20;132:w:710:18:692:20;133:b:632:22:610:20;134:w:692:18:674:20;135:b:610:21:589:20;136:w:674:27:647:20;137:b:589:22:567:20;138:w:647:17:630:20;139:b:567:19:548:20;140:w:630:16:614:20;141:b:548:17:531:20;142:w:614:16:598:20;143:b:531:19:512:20;144:w:598:17:581:20;145:b:512:19:493:20;146:w:581:15:566:20;147:b:493:17:476:20;148:w:566:14:552:20;149:b:476:16:460:20;150:w:552:14:538:20;151:b:460:16:444:20;152:w:538:14:524:20;153:b:444:17:427:20;154:w:524:12:512:20;155:b:427:15:412:20;156:w:512:13:499:20;157:b:412:17:395:20;158:w:499:14:485:20;159:b:395:13:382:20","d2d4 d7d5 c2c4 e7e6 b1c3 g8f6 c4d5 e6d5 g1f3 f8e7 c1f4 e8g8 e2e3 f6h5 f4e5 c7c6 h2h3 d8b6 a2a3 b8d7 e5h2 f8e8 f1d3 b6d8 e1g1 g7g6 b2b4 a7a6 d1b3 h5g7 a3a4 d7f8 b4b5 e7d6 h2d6 d8d6 b5a6 b7a6 b3a3 d6f6 d3e2 g6g5 a1b1 f8d7 a4a5 h7h5 f3e1 f6h6 e1d3 g5g4 h3g4 h5g4 e2g4 d7f6 g4c8 a8c8 a3d6 g7h5 d6h2 e8e3 f2e3 h6e3 d3f2 e3c3 b1d1 c3g3 d1d3 g3g5 h2e5 g5g6 d3f3 c8f8 e5d6 f8c8 d6e5 c8f8 e5f5 g8g7 f2d3 f6g4 d3c5 g6f5 f3f5 h5f6 f5f4 f8d8 c5d3 d8d7 f1c1 d7c7 d3b4 c7a7 b4d3 a7c7 d3b4 c7a7 c1c6 a7b7 b4d3 b7b1 f4f1 b1b3 d3e5 b3b4 c6a6 b4d4 e5g4 f6g4 f1a1 g4e3 a6c6 d4d2 a5a6 d2g2 g1h1 g2g5 c6d6 g5h5 h1g1 h5h8 g1f2 e3g4 f2g3 g4e5 g3f4 h8e8 a6a7 e5g6 f4f3 e8a8 d6b6 g6e7 a1g1 e7g6 b6b7 a8c8 f3e3 c8c3 e3d4 c3c4 d4d5 c4a4 d5c6 a4a6 c6c7 g7h8 b7b8 h8h7 a7a8q a6a8 b8a8 h7g7 a8b8 g7h7 b8a8 h7g7 a8b8 g7h7 g1h1 h7g7"
"15","7","white","draw","max plies","160","sudden","408","445","3592","3555","5:b:4000:101:3899:20;6:w:4000:100:3900:20;7:b:3899:98:3801:20;8:w:3900:100:3800:20;9:b:3801:99:3702:20;10:w:3800:94:3706:20;11:b:3702:114:3588:20;12:w:3706:109:3597:20;13:b:3588:94:3494:20;14:w:3597:91:3506:20;15:b:3494:91:3403:20;16:w:3506:90:3416:20;17:b:3403:86:3317:20;18:w:3416:85:3331:20;19:b:3317:93:3224:20;20:w:3331:90:3241:20;21:b:3224:80:3144:20;22:w:3241:84:3157:20;23:b:3144:79:3065:20;24:w:3157:78:3079:20;25:b:3065:78:2987:20;26:w:3079:76:3003:20;27:b:2987:78:2909:20;28:w:3003:74:2929:20;29:b:2909:77:2832:20;30:w:2929:79:2850:20;31:b:2832:77:2755:20;32:w:2850:74:2776:20;33:b:2755:71:2684:20;34:w:2776:75:2701:20;35:b:2684:87:2597:20;36:w:2701:81:2620:20;37:b:2597:73:2524:20;38:w:2620:86:2534:20;39:b:2524:67:2457:20;40:w:2534:66:2468:20;41:b:2457:63:2394:20;42:w:2468:62:2406:20;43:b:2394:62:2332:20;44:w:2406:61:2345:20;45:b:2332:67:2265:20;46:w:2345:62:2283:20;47:b:2265:65:2200:20;48:w:2283:56:2227:20;49:b:2200:58:2142:20;50:w:2227:56:2171:20;51:b:2142:56:2086:20;52:w:2171:56:2115:20;53:b:2086:54:2032:20;54:w:2115:52:2063:20;55:b:2032:50:1982:20;56:w:2063:51:2012:20;57:b:1982:50:1932:20;58:w:2012:50:1962:20;59:b:1932:49:1883:20;60:w:1962:48:1914:20;61:b:1883:48:1835:20;62:w:1914:47:1867:20;63:b:1835:48:1787:20;64:w:1867:46:1821:20;65:b:1787:46:1741:20;66:w:1821:46:1775:20;67:b:1741:47:1694:20;68:w:1775:44:1731:20;69:b:1694:46:1648:20;70:w:1731:44:1687:20;71:b:1648:50:1598:20;72:w:1687:43:1644:20;73:b:1598:42:1556:20;74:w:1644:45:1599:20;75:b:1556:40:1516:20;76:w:1599:41:1558:20;77:b:1516:41:1475:20;78:w:1558:40:1518:20;79:b:1475:39:1436:20;80:w:1518:39:1479:20;81:b:1436:40:1396:20;82:w:1479:40:1439:20;83:b:1396:66:1330:20;84:w:1439:63:1376:20;85:b:1330:49:1281:20;86:w:1376:39:1337:20;87:b:1281:46:1235:20;88:w:1337:35:1302:20;89:b:1235:35:1200:20;90:w:1302:37:1265:20;91:b:1200:36:1164:20;92:w:1265:32:1233:20;93:b:1164:32:1132:20;94:w:1233:45:1188:20;95:b:1132:32:1100:20;96:w:1188:37:1151:20;97:b:1100:30:1070:20;98:w:1151:30:1121:20;99:b:1070:34:1036:20;100:w:1121:29:1092:20;101:b:1036:27:1009:20;102:w:1092:27:1065:20;103:b:1009:25:984:20;104:w:1065:28:1037:20;105:b:984:28:956:20;106:w:1037:26:1011:20;107:b:956:26:930:20;108:w:1011:30:981:20;109:b:930:24:906:20;110:w:981:26:955:20;111:b:906:24:882:20;112:w:955:26:929:20;113:b:882:28:854:20;114:w:929:26:903:20;115:b:854:24:830:20;116:w:903:22:881:20;117:b:830:21:809:20;118:w:881:22:859:20;119:b:809:20:789:20;120:w:859:21:838:20;121:b:789:21:768:20;122:w:838:21:817:20;123:b:768:21:747:20;124:w:817:27:790:20;125:b:747:22:725:20;126:w:790:27:763:20;127:b:725:18:707:20;128:w:763:26:737:20;129:b:707:18:689:20;130:w:737:25:712:20;131:b:689:17:672:20;132:w:712:28:684:20;133:b:672:19:653:20;134:w:684:34:650:20;135:b:653:17:636:20;136:w:650:23:627:20;137:b:636:18:618:20;138:w:627:22:605:20;139:b:618:17:601:20;140:w:605:23:582:20;141:b:601:17:584:20;142:w:582:23:559:20;143:b:584:17:567:20;144:w:559:21:538:20;145:b:567:15:552:20;146:w:538:19:519:20;147:b:552:13:539:20;148:w:519:18:501:20;149:b:539:36:503:20;150:w:501:19:482:20;151:b:503:14:489:20;152:w:482:18:464:20;153:b:489:12:477:20;154:w:464:19:445:20;155:b:477:12:465:20;156:w:445:16:429:20;157:b:465:13:452:20;158:w:429:21:408:20;159:b:452:7:445:20","c2c4 e7e5 b1c3 g8f6 g2g3 f8b4 g1f3 b4c3 b2c3 d7d6 f1g2 e8g8 e1g1 f8e8 d2d3 b8d7 e2e4 d7c5 c1e3 h7h6 f3h4 f6g4 e3c5 d6c5 h4f5 g4f6 f5e3 h6h5 f2f3 d8d6 d1e2 a8b8 f3f4 c8g4 e2d2 e5f4 f1f4 b8d8 e3d5 f6d7 h2h3 g4e6 d3d4 c7c6 e4e5 d6b8 a1e1 c5d4 c3d4 d7f8 d5f6 g7f6 f4f6 f8g6 d2g5 d8d4 f6g6 f7g6 g5g6 g8h8 g6h6 h8g8 h6g6 g8h8 g6h6 h8g8 h6g6 g8h8 g6h6 h8g8 h6g6 g8h8 g6h6 h8g8 h6g6 g8h8 g6h6 h8g8 h6g6 g8h8 g6h6 h8g8 h6g6 g8h8 g6h6 h8g8 h6g6 g8h8 g6h6 h8g8 h6g6 g8h8 g6h6 h8g8 h6g6 g8h8 g6h6 h8g8 h6g6 g8h8 g6h6 h8g8 h6g6 g8h8 g6h6 h8g8 h6g6 g8h8 g6h6 h8g8 h6g6 g8h8 g6h6 h8g8 h6g6 g8h8 g6h6 h8g8 h6g6 g8h8 g6h6 h8g8 h6g6 g8h8 g6h6 h8g8 h6g6 g8h8 g6h6 h8g8 h6g6 g8h8 g6h6 h8g8 h6g6 g8h8 g6h6 h8g8 h6g6 g8h8 g6h6 h8g8 h6g6 g8h8 g6h6 h8g8 h6g6 g8h8 g6h6 h8g8 h6g6 g8h8 g6h6 h8g8 h6g6 g8h8 g6h6 h8g8 h6g6 g8h8"
"16","7","black","draw","draw adjudication","99","sudden","609","804","3196","3391","5:b:4000:120:3880:20;6:w:4000:111:3889:20;7:b:3880:97:3783:20;8:w:3889:101:3788:20;9:b:3783:97:3686:20;10:w:3788:98:3690:20;11:b:3686:93:3593:20;12:w:3690:94:3596:20;13:b:3593:90:3503:20;14:w:3596:95:3501:20;15:b:3503:86:3417:20;16:w:3501:89:3412:20;17:b:3417:87:3330:20;18:w:3412:86:3326:20;19:b:3330:85:3245:20;20:w:3326:90:3236:20;21:b:3245:88:3157:20;22:w:3236:83:3153:20;23:b:3157:78:3079:20;24:w:3153:78:3075:20;25:b:3079:79:3000:20;26:w:3075:80:2995:20;27:b:3000:78:2922:20;28:w:2995:77:2918:20;29:b:2922:122:2800:20;30:w:2918:78:2840:20;31:b:2800:77:2723:20;32:w:2840:75:2765:20;33:b:2723:69:2654:20;34:w:2765:69:2696:20;35:b:2654:70:2584:20;36:w:2696:71:2625:20;37:b:2584:66:2518:20;38:w:2625:69:2556:20;39:b:2518:63:2455:20;40:w:2556:65:2491:20;41:b:2455:63:2392:20;42:w:2491:65:2426:20;43:b:2392:62:2330:20;44:w:2426:62:2364:20;45:b:2330:60:2270:20;46:w:2364:63:2301:20;47:b:2270:57:2213:20;48:w:2301:59:2242:20;49:b:2213:56:2157:20;50:w:2242:69:2173:20;51:b:2157:56:2101:20;52:w:2173:56:2117:20;53:b:2101:55:2046:20;54:w:2117:56:2061:20;55:b:2046:59:1987:20;56:w:2061:120:1941:20;57:b:1987:89:1898:20;58:w:1941:82:1859:20;59:b:1898:67:1831:20;60:w:1859:49:1810:20;61:b:1831:50:1781:20;62:w:1810:63:1747:20;63:b:1781:60:1721:20;64:w:1747:87:1660:20;65:b:1721:74:1647:20;66:w:1660:48:1612:20;67:b:1647:53:1594:20;68:w:1612:129:1483:20;69:b:1594:73:1521:20;70:w:1483:90:1393:20;71:b:1521:61:1460:20;72:w:1393:42:1351:20;73:b:1460:46:1414:20;74:w:1351:50:1301:20;75:b:1414:49:1365:20;76:w:1301:52:1249:20;77:b:1365:40:1325:20;78:w:1249:43:1206:20;79:b:1325:52:1273:20;80:w:1206:67:1139:20;81:b:1273:47:1226:20;82:w:1139:41:1098:20;83:b:1226:38:1188:20;84:w:1098:73:1025:20;85:b:1188:104:1084:20;86:w:1025:83:942:20;87:b:1084:61:1023:20;88:w:942:102:840:20;89:b:1023:34:989:20;90:w:840:55:785:20;91:b:989:33:956:20;92:w:785:61:724:20;93:b:956:31:925:20;94:w:724:42:682:20;95:b:925:29:896:20;96:w:682:32:650:20;97:b:896:63:833:20;98:w:650:41:609:20;99:b:833:29:804:20","c2c4 e7e5 b1c3 g8f6 g2g3 f8b4 g1f3 b4c3 b2c3 d7d6 f1g2 e8g8 e1g1 f8e8 d2d3 h7h6 e2e4 b8a6 a2a4 a6c5 a4a5 c8d7 f3h4 b7b6 h2h3 b6a5 a1a5 c5b7 a5a6 b7c5 a6a5 c5b7 a5a6 b7c5 a6a5 c5b7 a5a6 b7c5 a6a5 c5b7 a5a6 b7c5 a6a5 c5b7 a5a6 b7c5 a6a5 c5b7 a5a6 b7c5 a6a5 c5b7 a5a6 b7c5 a6a5 c5b7 a5a6 b7c5 a6a5 c5b7 a5a6 b7c5 a6a5 c5b7 a5a6 b7c5 a6a5 c5b7 a5a6 b7c5 a6a5 c5b7 a5a6 b7c5 a6a5 c5b7 a5a6 b7c5 a6a5 c5b7 a5a6 b7c5 a6a5 c5b7 a5a6 b7c5 a6a5 c5b7 a5a6 b7c5 a6a5 c5b7 a5a6 b7c5 a6a5 c5b7 a5a6 b7c5 a6a5"
"17","8","white","candidate","resignation","83","sudden","1369","1253","2631","2747","5:b:4000:113:3887:20;6:w:4000:108:3892:20;7:b:3887:125:3762:20;8:w:3892:124:3768:20;9:b:3762:129:3633:20;10:w:3768:105:3663:20;11:b:3633:100:3533:20;12:w:3663:93:3570:20;13:b:3533:96:3437:20;14:w:3570:109:3461:20;15:b:3437:102:3335:20;16:w:3461:100:3361:20;17:b:3335:84:3251:20;18:w:3361:96:3265:20;19:b:3251:91:3160:20;20:w:3265:83:3182:20;21:b:3160:81:3079:20;22:w:3182:84:3098:20;23:b:3079:76:3003:20;24:w:3098:79:3019:20;25:b:3003:77:2926:20;26:w:3019:78:2941:20;27:b:2926:78:2848:20;28:w:2941:78:2863:20;29:b:2848:73:2775:20;30:w:2863:77:2786:20;31:b:2775:75:2700:20;32:w:2786:68:2718:20;33:b:2700:69:2631:20;34:w:2718:66:2652:20;35:b:2631:65:2566:20;36:w:2652:67:2585:20;37:b:2566:64:2502:20;38:w:2585:66:2519:20;39:b:2502:77:2425:20;40:w:2519:64:2455:20;41:b:2425:59:2366:20;42:w:2455:67:2388:20;43:b:2366:105:2261:20;44:w:2388:89:2299:20;45:b:2261:69:2192:20;46:w:2299:60:2239:20;47:b:2192:56:2136:20;48:w:2239:56:2183:20;49:b:2136:56:2080:20;50:w:2183:57:2126:20;51:b:2080:53:2027:20;52:w:2126:56:2070:20;53:b:2027:53:1974:20;54:w:2070:54:2016:20;55:b:1974:51:1923:20;56:w:2016:50:1966:20;57:b:1923:47:1876:20;58:w:1966:50:1916:20;59:b:1876:59:1817:20;60:w:1916:48:1868:20;61:b:1817:52:1765:20;62:w:1868:46:1822:20;63:b:1765:50:1715:20;64:w:1822:45:1777:20;65:b:1715:49:1666:20;66:w:1777:51:1726:20;67:b:1666:49:1617:20;68:w:1726:49:1677:20;69:b:1617:42:1575:20;70:w:1677:44:1633:20;71:b:1575:42:1533:20;72:w:1633:49:1584:20;73:b:1533:53:1480:20;74:w:1584:38:1546:20;75:b:1480:39:1441:20;76:w:1546:38:1508:20;77:b:1441:37:1404:20;78:w:1508:39:1469:20;79:b:1404:61:1343:20;80:w:1469:59:1410:20;81:b:1343:57:1286:20;82:w:1410:41:1369:20;83:b:1286:33:1253:20","g1f3 d7d5 g2g3 g8f6 f1g2 g7g6 e1g1 f8g7 d2d4 e8g8 b1d2 c7c5 d4c5 b8c6 a2a3 a7a5 f1e1 e7e5 c2c3 e5e4 f3d4 d8e7 d2f1 e7c5 c1e3 c5e7 d1d2 a5a4 a1d1 f8d8 d2c1 c8d7 e3g5 c6d4 d1d4 d7c6 e1d1 e7e6 c3c4 a8c8 c1d2 e6f5 h2h3 b7b5 c4d5 c6d7 g5f4 f6h5 g2e4 f5f6 f4e3 d7h3 e4f3 f6d6 d4b4 d6d7 d2d3 g7f8 d5d6 h5f6 e3b6 d7e6 b6d8 f8g7 d8f6 g7f6 b4b5 c8d8 d3e3 e6d7 b5b4 d8e8 e3d3 e8d8 b4b7 d7b7 f3b7 f6b2 f1e3 d8b8 b7d5 b8d8 g1h2"
"18","8","black","draw","max plies","160","sudden","165","464","3536","3835","5:b:4000:105:3895:20;6:w:4000:100:3900:20;7:b:3895:98:3797:20;8:w:3900:98:3802:20;9:b:3797:97:3700:20;10:w:3802:96:3706:20;11:b:3700:96:3604:20;12:w:3706:95:3611:20;13:b:3604:90:3514:20;14:w:3611:91:3520:20;15:b:3514:87:3427:20;16:w:3520:89:3431:20;17:b:3427:84:3343:20;18:w:3431:86:3345:20;19:b:3343:83:3260:20;20:w:3345:85:3260:20;21:b:3260:84:3176:20;22:w:3260:84:3176:20;23:b:3176:81:3095:20;24:w:3176:81:3095:20;25:b:3095:78:3017:20;26:w:3095:77:3018:20;27:b:3017:75:2942:20;28:w:3018:76:2942:20;29:b:2942:74:2868:20;30:w:2942:74:2868:20;31:b:2868:71:2797:20;32:w:2868:70:2798:20;33:b:2797:70:2727:20;34:w:2798:93:2705:20;35:b:2727:69:2658:20;36:w:2705:91:2614:20;37:b:2658:67:2591:20;38:w:2614:89:2525:20;39:b:2591:73:2518:20;40:w:2525:118:2407:20;41:b:2518:70:2448:20;42:w:2407:84:2323:20;43:b:2448:68:2380:20;44:w:2323:79:2244:20;45:b:2380:61:2319:20;46:w:2244:79:2165:20;47:b:2319:59:2260:20;48:w:2165:77:2088:20;49:b:2260:57:2203:20;50:w:2088:76:2012:20;51:b:2203:57:2146:20;52:w:2012:69:1943:20;53:b:2146:53:2093:20;54:w:1943:68:1875:20;55:b:2093:54:2039:20;56:w:1875:69:1806:20;57:b:2039:55:1984:20;58:w:1806:64:1742:20;59:b:1984:50:1934:20;60:w:1742:60:1682:20;61:b:1934:50:1884:20;62:w:1682:59:1623:20;63:b:1884:47:1837:20;64:w:1623:56:1567:20;65:b:1837:51:1786:20;66:w:1567:70:1497:20;67:b:1786:43:1743:20;68:w:1497:51:1446:20;69:b:1743:43:1700:20;70:w:1446:52:1394:20;71:b:1700:46:1654:20;72:w:1394:79:1315:20;73:b:1654:50:1604:20;74:w:1315:55:1260:20;75:b:1604:45:1559:20;76:w:1260:47:1213:20;77:b:1559:42:1517:20;78:w:1213:43:1170:20;79:b:1517:39:1478:20;80:w:1170:43:1127:20;81:b:1478:36:1442:20;82:w:1127:40:1087:20;83:b:1442:41:1401:20;84:w:1087:42:1045:20;85:b:1401:37:1364:20;86:w:1045:41:1004:20;87:b:1364:35:1329:20;88:w:1004:38:966:20;89:b:1329:35:1294:20;90:w:966:39:927:20;91:b:1294:36:1258:20;92:w:927:35:892:20;93:b:1258:34:1224:20;94:w:892:32:860:20;95:b:1224:30:1194:20;96:w:860:36:824:20;97:b:1194:30:1164:20;98:w:824:29:795:20;99:b:1164:31:1133:20;100:w:795:29:766:20;101:b:1133:28:1105:20;102:w:766:27:739:20;103:b:1105:28:1077:20;104:w:739:26:713:20;105:b:1077:27:1050:20;106:w:713:26:687:20;107:b:1050:26:1024:20;108:w:687:26:661:20;109:b:1024:26:998:20;110:w:661:24:637:20;111:b:998:25:973:20;112:w:637:22:615:20;113:b:973:23:950:20;114:w:615:23:592:20;115:b:950:23:927:20;116:w:592:22:570:20;117:b:927:22:905:20;118:w:570:19:551:20;119:b:905:22:883:20;120:w:551:22:529:20;121:b:883:23:860:20;122:w:529:20:509:20;123:b:860:22:838:20;124:w:509:18:491:20;125:b:838:21:817:20;126:w:491:20:471:20;127:b:817:23:794:20;128:w:471:20:451:20;129:b:794:25:769:20;130:w:451:17:434:20;131:b:769:19:750:20;132:w:434:18:416:20;133:b:750:21:729:20;134:w:416:35:381:20;135:b:729:19:710:20;136:w:381:15:366:20;137:b:710:17:693:20;138:w:366:16:350:20;139:b:693:18:675:20;140:w:350:14:336:20;141:b:675:16:659:20;142:w:336:13:323:20;143:b:659:17:642:20;144:w:323:21:302:20;145:b:642:18:624:20;146:w:302:37:265:20;147:b:624:58:566:20;148:w:265:29:236:20;149:b:566:15:551:20;150:w:236:25:211:20;151:b:551:28:523:20;152:w:211:19:192:20;153:b:523:18:505:20;154:w:192:12:180:20;155:b:505:13:492:20;156:w:180:7:173:20;157:b:492:14:478:20;158:w:173:8:165:20;159:b:478:14:464:20","g1f3 d7d5 g2g3 g8f6 f1g2 e7e6 c2c4 f8e7 d2d4 e8g8 e1g1 a7a5 d1c2 b8d7 f1d1 c7c6 b1d2 b7b5 c4c5 a5a4 b2b4 a4b3 d2b3 a8a4 c1f4 h7h6 h2h4 f6e4 a2a3 a4c4 c2b2 e7f6 b3d2 e4d2 b2d2 f8e8 a1c1 e6e5 c1c4 b5c4 d4e5 d7e5 f3e5 f6e5 f4e5 e8e5 e2e4 d8c7 e4d5 c6d5 d2c3 c8b7 a3a4 g8h8 a4a5 d5d4 d1d4 b7g2 g1g2 e5c5 a5a6 c7a5 c3f3 a5a6 d4d8 h8h7 f3f7 a6f6 f7g8 h7g6 g8e8 g6h7 e8g8 h7g6 g8e8 g6h7 e8g8 h7g6 d8e8 c5e5 e8e5 f6e5 g8c4 e5f5 c4c6 g6h7 c6f3 f5g6 g2h2 g6c2 h2g1 c2b1 g1g2 b1c2 g2h1 c2c1 h1g2 c1c2 g2f1 c2c1 f1g2 c1c2 g2g1 c2b1 g1g2 b1c2 g3g4 c2c4 f3f5 h7h8 g2g3 c4c3 f5f3 c3e5 g3h3 e5e7 f3f5 e7b7 h3g3 b7c7 f5f4 c7c3 f4f3 c3e5 f3f4 e5c3 f4e3 c3c7 e3f4 c7c3 f4e3 c3c7 e3f4 c7e7 g4g5 h6g5 h4g5 h8h7 f4f5 g7g6 f5d5 e7c7 g3g2 c7f4 d5d7 h7g8 d7d8 g8g7 d8e7 g7g8 e7e6 g8h7 e6d7 h7g8 d7e6 g8h7 e6d7 h7g8 d7e6 g8h7"
"19","9","white","candidate","checkmate","149","sudden","312","564","3688","3436","5:b:4000:101:3899:20;6:w:4000:102:3898:20;7:b:3899:103:3796:20;8:w:3898:100:3798:20;9:b:3796:95:3701:20;10:w:3798:94:3704:20;11:b:3701:94:3607:20;12:w:3704:97:3607:20;13:b:3607:91:3516:20;14:w:3607:92:3515:20;15:b:3516:88:3428:20;16:w:3515:87:3428:20;17:b:3428:86:3342:20;18:w:3428:85:3343:20;19:b:3342:90:3252:20;20:w:3343:86:3257:20;21:b:3252:82:3170:20;22:w:3257:84:3173:20;23:b:3170:81:3089:20;24:w:3173:114:3059:20;25:b:3089:78:3011:20;26:w:3059:105:2954:20;27:b:3011:77:2934:20;28:w:2954:98:2856:20;29:b:2934:93:2841:20;30:w:2856:110:2746:20;31:b:2841:79:2762:20;32:w:2746:98:2648:20;33:b:2762:74:2688:20;34:w:2648:95:2553:20;35:b:2688:67:2621:20;36:w:2553:89:2464:20;37:b:2621:67:2554:20;38:w:2464:87:2377:20;39:b:2554:70:2484:20;40:w:2377:81:2296:20;41:b:2484:61:2423:20;42:w:2296:79:2217:20;43:b:2423:62:2361:20;44:w:2217:77:2140:20;45:b:2361:65:2296:20;46:w:2140:73:2067:20;47:b:2296:60:2236:20;48:w:2067:72:1995:20;49:b:2236:56:2180:20;50:w:1995:69:1926:20;51:b:2180:60:2120:20;52:w:1926:66:1860:20;53:b:2120:55:2065:20;54:w:1860:72:1788:20;55:b:2065:83:1982:20;56:w:1788:66:1722:20;57:b:1982:54:1928:20;58:w:1722:59:1663:20;59:b:1928:48:1880:20;60:w:1663:59:1604:20;61:b:1880:50:1830:20;62:w:1604:58:1546:20;63:b:1830:49:1781:20;64:w:1546:55:1491:20;65:b:1781:49:1732:20;66:w:1491:54:1437:20;67:b:1732:48:1684:20;68:w:1437:48:1389:20;69:b:1684:46:1638:20;70:w:1389:51:1338:20;71:b:1638:46:1592:20;72:w:1338:44:1294:20;73:b:1592:42:1550:20;74:w:1294:44:1250:20;75:b:1550:39:1511:20;76:w:1250:41:1209:20;77:b:1511:38:1473:20;78:w:1209:41:1168:20;79:b:1473:39:1434:20;80:w:1168:40:1128:20;81:b:1434:36:1398:20;82:w:1128:38:1090:20;83:b:1398:36:1362:20;84:w:1090:36:1054:20;85:b:1362:34:1328:20;86:w:1054:37:1017:20;87:b:1328:36:1292:20;88:w:1017:34:983:20;89:b:1292:33:1259:20;90:w:983:36:947:20;91:b:1259:32:1227:20;92:w:947:31:916:20;93:b:1227:31:1196:20;94:w:916:34:882:20;95:b:1196:31:1165:20;96:w:882:34:848:20;97:b:1165:29:1136:20;98:w:848:28:820:20;99:b:1136:28:1108:20;100:w:820:28:792:20;101:b:1108:29:1079:20;102:w:792:26:766:20;103:b:1079:32:1047:20;104:w:766:36:730:20;105:b:1047:36:1011:20;106:w:730:27:703:20;107:b:1011:25:986:20;108:w:703:24:679:20;109:b:986:25:961:20;110:w:679:24:655:20;111:b:961:25:936:20;112:w:655:27:628:20;113:b:936:50:886:20;114:w:628:63:565:20;115:b:886:29:857:20;116:w:565:25:540:20;117:b:857:28:829:20;118:w:540:25:515:20;119:b:829:24:805:20;120:w:515:22:493:20;121:b:805:22:783:20;122:w:493:18:475:20;123:b:783:26:757:20;124:w:475:18:457:20;125:b:757:19:738:20;126:w:457:21:436:20;127:b:738:22:716:20;128:w:436:16:420:20;129:b:716:25:691:20;130:w:420:16:404:20;131:b:691:20:671:20;132:w:404:14:390:20;133:b:671:23:648:20;134:w:390:16:374:20;135:b:648:17:631:20;136:w:374:17:357:20;137:b:631:19:612:20;138:w:357:15:342:20;139:b:612:18:594:20;140:w:342:20:322:20;141:b:594:16:578:20;142:w:322:10:312:20;143:b:578:11:567:20;144:w:312:0:312:20;145:b:567:1:566:20;146:w:312:0:312:20;147:b:566:1:565:20;148:w:312:0:312:20;149:b:565:1:564:20","e2e4 g8f6 e4e5 f6d5 d2d4 d7d6 c2c4 d5b6 e5d6 c7d6 g1f3 g7g6 f1e2 f8g7 h2h3 e8g8 e1g1 b8c6 b1c3 c8f5 f1e1 c6b4 g2g4 f5d7 a2a3 b4c6 c4c5 d6c5 d4c5 b6c8 c1e3 b7b6 a1c1 b6c5 e3c5 g7h6 c1c2 c8b6 b2b4 h6g7 c3d5 b6d5 d1d5 a8c8 c2d2 d7e6 d5d8 f8d8 d2d8 c8d8 b4b5 d8d5 c5e3 c6d4 e3d4 g7d4 e2c4 d5c5 c4e6 d4c3 e1c1 f7e6 a3a4 g8g7 f3g5 c5c4 a4a5 h7h6 g5e6 g7f6 e6d8 c4c8 a5a6 c8d8 c1c3 d8d1 g1g2 d1b1 c3c5 g6g5 g2f3 b1b3 f3e4 f6e6 c5c6 e6d7 c6h6 b3b5 h6g6 b5a5 e4f3 d7e8 g6c6 e8d7 c6h6 d7e8 h6h5 e8f8 f3g2 f8g7 h3h4 a5a6 h5g5 a6g6 g5g6 g7g6 g2f1 a7a5 f1e2 a5a4 e2d3 g6f6 d3c3 f6e5 c3b4 e5f4 h4h5 f4g5 b4a4 e7e6 f2f3 e6e5 a4b5 g5f4 h5h6 f4f3 h6h7 e5e4 h7h8q e4e3 h8h3 f3f2 h3h2 f2f3 g4g5 e3e2 h2g1 f3e4 g5g6 e4d3 g6g7 e2e1q g1e1 d3c2 g7g8q c2b2 g8g2 b2b3 e1b4"
"20","9","black","draw","draw adjudication","99","sudden","1040","814","3186","2960","5:b:4000:106:3894:20;6:w:4000:102:3898:20;7:b:3894:97:3797:20;8:w:3898:104:3794:20;9:b:3797:115:3682:20;10:w:3794:103:3691:20;11:b:3682:91:3591:20;12:w:3691:93:3598:20;13:b:3591:99:3492:20;14:w:3598:89:3509:20;15:b:3492:87:3405:20;16:w:3509:94:3415:20;17:b:3405:92:3313:20;18:w:3415:99:3316:20;19:b:3313:89:3224:20;20:w:3316:84:3232:20;21:b:3224:85:3139:20;22:w:3232:88:3144:20;23:b:3139:87:3052:20;24:w:3144:81:3063:20;25:b:3052:79:2973:20;26:w:3063:77:2986:20;27:b:2973:76:2897:20;28:w:2986:75:2911:20;29:b:2897:73:2824:20;30:w:2911:73:2838:20;31:b:2824:69:2755:20;32:w:2838:71:2767:20;33:b:2755:70:2685:20;34:w:2767:69:2698:20;35:b:2685:68:2617:20;36:w:2698:69:2629:20;37:b:2617:66:2551:20;38:w:2629:69:2560:20;39:b:2551:67:2484:20;40:w:2560:68:2492:20;41:b:2484:61:2423:20;42:w:2492:64:2428:20;43:b:2423:63:2360:20;44:w:2428:63:2365:20;45:b:2360:60:2300:20;46:w:2365:58:2307:20;47:b:2300:56:2244:20;48:w:2307:57:2250:20;49:b:2244:55:2189:20;50:w:2250:57:2193:20;51:b:2189:57:2132:20;52:w:2193:60:2133:20;53:b:2132:55:2077:20;54:w:2133:54:2079:20;55:b:2077:50:2027:20;56:w:2079:52:2027:20;57:b:2027:82:1945:20;58:w:2027:73:1954:20;59:b:1945:86:1859:20;60:w:1954:58:1896:20;61:b:1859:63:1796:20;62:w:1896:52:1844:20;63:b:1796:61:1735:20;64:w:1844:50:1794:20;65:b:1735:59:1676:20;66:w:1794:45:1749:20;67:b:1676:59:1617:20;68:w:1749:47:1702:20;69:b:1617:63:1554:20;70:w:1702:46:1656:20;71:b:1554:55:1499:20;72:w:1656:41:1615:20;73:b:1499:57:1442:20;74:w:1615:44:1571:20;75:b:1442:50:1392:20;76:w:1571:40:1531:20;77:b:1392:47:1345:20;78:w:1531:41:1490:20;79:b:1345:44:1301:20;80:w:1490:39:1451:20;81:b:1301:47:1254:20;82:w:1451:39:1412:20;83:b:1254:45:1209:20;84:w:1412:37:1375:20;85:b:1209:41:1168:20;86:w:1375:39:1336:20;87:b:1168:47:1121:20;88:w:1336:37:1299:20;89:b:1121:49:1072:20;90:w:1299:42:1257:20;91:b:1072:39:1033:20;92:w:1257:31:1226:20;93:b:1033:50:983:20;94:w:1226:51:1175:20;95:b:983:36:947:20;96:w:1175:44:1131:20;97:b:947:68:879:20;98:w:1131:91:1040:20;99:b:879:65:814:20","e2e4 g8f6 e4e5 f6d5 d2d4 d7d6 c2c4 d5b6 e5d6 c7d6 g1f3 g7g6 f1e2 f8g7 e1g1 e8g8 h2h3 f8e8 f1e1 e7e5 b1c3 e5d4 f3d4 b6c4 d4b5 a7a6 e2c4 e8e1 d1e1 a6b5 c1g5 g7c3 b2c3 d8d7 c4b3 b8a6 a1d1 a6c7 g5f4 a8a6 e1d2 d7d8 f4d6 c8e6 d6c7 d8c7 b3e6 a6e6 d2d8 c7d8 d1d8 g8g7 d8b8 e6e7 g1f1 e7c7 g2g3 h7h5 h3h4 g7f6 f1e2 f6e5 e2d3 c7d7 d3e3 d7c7 e3d3 c7d7 d3e3 d7c7 e3d3 c7d7 d3e3 d7c7 e3d3 c7d7 d3e3 d7c7 e3d3 c7d7 d3e3 d7c7 e3d3 c7d7 d3e3 d7c7 e3d3 c7d7 d3e3 d7c7 e3d3 c7d7 d3e3 d7c7 e3d3 c7d7 d3e3 d7c7 e3d3"
"21","10","white","draw","draw adjudication","105","sudden","963","823","3037","3177","6:w:4000:129:3871:20;7:b:4000:130:3870:20;8:w:3871:111:3760:20;9:b:3870:119:3751:20;10:w:3760:121:3639:20;11:b:3751:136:3615:20;12:w:3639:97:3542:20;13:b:3615:96:3519:20;14:w:3542:91:3451:20;15:b:3519:123:3396:20;16:w:3451:101:3350:20;17:b:3396:92:3304:20;18:w:3350:85:3265:20;19:b:3304:87:3217:20;20:w:3265:84:3181:20;21:b:3217:82:3135:20;22:w:3181:80:3101:20;23:b:3135:91:3044:20;24:w:3101:87:3014:20;25:b:3044:85:2959:20;26:w:3014:78:2936:20;27:b:2959:77:2882:20;28:w:2936:77:2859:20;29:b:2882:109:2773:20;30:w:2859:91:2768:20;31:b:2773:81:2692:20;32:w:2768:73:2695:20;33:b:2692:70:2622:20;34:w:2695:69:2626:20;35:b:2622:70:2552:20;36:w:2626:68:2558:20;37:b:2552:67:2485:20;38:w:2558:76:2482:20;39:b:2485:90:2395:20;40:w:2482:94:2388:20;41:b:2395:64:2331:20;42:w:2388:67:2321:20;43:b:2331:150:2181:20;44:w:2321:94:2227:20;45:b:2181:95:2086:20;46:w:2227:57:2170:20;47:b:2086:55:2031:20;48:w:2170:58:2112:20;49:b:2031:55:1976:20;50:w:2112:59:2053:20;51:b:1976:56:1920:20;52:w:2053:72:1981:20;53:b:1920:55:1865:20;54:w:1981:65:1916:20;55:b:1865:65:1800:20;56:w:1916:61:1855:20;57:b:1800:58:1742:20;58:w:1855:51:1804:20;59:b:1742:67:1675:20;60:w:1804:54:1750:20;61:b:1675:48:1627:20;62:w:1750:45:1705:20;63:b:1627:43:1584:20;64:w:1705:42:1663:20;65:b:1584:45:1539:20;66:w:1663:43:1620:20;67:b:1539:40:1499:20;68:w:1620:40:1580:20;69:b:1499:41:1458:20;70:w:1580:43:1537:20;71:b:1458:50:1408:20;72:w:1537:40:1497:20;73:b:1408:36:1372:20;74:w:1497:36:1461:20;75:b:1372:42:1330:20;76:w:1461:48:1413:20;77:b:1330:79:1251:20;78:w:1413:49:1364:20;79:b:1251:48:1203:20;80:w:1364:37:1327:20;81:b:1203:35:1168:20;82:w:1327:32:1295:20;83:b:1168:37:1131:20;84:w:1295:32:1263:20;85:b:1131:29:1102:20;86:w:1263:37:1226:20;87:b:1102:34:1068:20;88:w:1226:34:1192:20;89:b:1068:34:1034:20;90:w:1192:34:1158:20;91:b:1034:28:1006:20;92:w:1158:32:1126:20;93:b:1006:28:978:20;94:w:1126:30:1096:20;95:b:978:25:953:20;96:w:1096:26:1070:20;97:b:953:30:923:20;98:w:1070:27:1043:20;99:b:923:23:900:20;100:w:1043:28:1015:20;101:b:900:26:874:20;102:w:1015:25:990:20;103:b:874:26:848:20;104:w:990:27:963:20;105:b:848:25:823:20","d2d4 g8f6 c2c4 g7g6 b1c3 f8g7 e2e4 e8g8 f1e2 d7d6 g1f3 e7e5 c1e3 e5d4 f3d4 f8e8 f2f3 c7c6 e3f2 d6d5 e4d5 c6d5 e1g1 b8c6 c4d5 f6d5 d4c6 b7c6 c3d5 c6d5 e2b5 c8d7 d1d5 d7b5 d5b5 a7a6 b5a4 g7b2 a1b1 b2g7 f1d1 d8g5 h2h3 g7f8 d1d7 f8c5 f2c5 g5c5 g1h2 c5e5 h2h1 e8e6 a4d4 e5d4 d7d4 a8c8 b1b2 g8g7 h1h2 c8c5 d4a4 h7h5 h2g3 e6c6 h3h4 c5c4 a4c4 c6c4 b2b3 c4a4 a2a3 g7f6 b3b6 f6g7 b6b3 g7f6 b3b6 f6g7 b6b3 a6a5 b3c3 g7f6 c3b3 f6g7 g3h3 f7f6 b3b7 g7h6 b7b6 h6g7 b6b7 g7h6 b7b6 h6g7 b6b7 g7h6 b7b6 h6g7 b6b7 g7h6 b7b6 h6g7 b6b7 g7h6 b7b6"
"22","10","black","draw","draw adjudication","150","sudden","513","561","3439","3487","6:w:4000:101:3899:20;7:b:4000:101:3899:20;8:w:3899:97:3802:20;9:b:3899:96:3803:20;10:w:3802:93:3709:20;11:b:3803:93:3710:20;12:w:3709:92:3617:20;13:b:3710:93:3617:20;14:w:3617:92:3525:20;15:b:3617:92:3525:20;16:w:3525:90:3435:20;17:b:3525:100:3425:20;18:w:3435:93:3342:20;19:b:3425:85:3340:20;20:w:3342:111:3231:20;21:b:3340:106:3234:20;22:w:3231:93:3138:20;23:b:3234:86:3148:20;24:w:3138:81:3057:20;25:b:3148:79:3069:20;26:w:3057:81:2976:20;27:b:3069:82:2987:20;28:w:2976:76:2900:20;29:b:2987:76:2911:20;30:w:2900:81:2819:20;31:b:2911:77:2834:20;32:w:2819:73:2746:20;33:b:2834:70:2764:20;34:w:2746:74:2672:20;35:b:2764:82:2682:20;36:w:2672:70:2602:20;37:b:2682:68:2614:20;38:w:2602:64:2538:20;39:b:2614:65:2549:20;40:w:2538:64:2474:20;41:b:2549:63:2486:20;42:w:2474:68:2406:20;43:b:2486:66:2420:20;44:w:2406:62:2344:20;45:b:2420:60:2360:20;46:w:2344:59:2285:20;47:b:2360:63:2297:20;48:w:2285:58:2227:20;49:b:2297:59:2238:20;50:w:2227:59:2168:20;51:b:2238:65:2173:20;52:w:2168:60:2108:20;53:b:2173:55:2118:20;54:w:2108:53:2055:20;55:b:2118:57:2061:20;56:w:2055:65:1990:20;57:b:2061:102:1959:20;58:w:1990:53:1937:20;59:b:1959:52:1907:20;60:w:1937:57:1880:20;61:b:1907:47:1860:20;62:w:1880:50:1830:20;63:b:1860:46:1814:20;64:w:1830:51:1779:20;65:b:1814:45:1769:20;66:w:1779:48:1731:20;67:b:1769:48:1721:20;68:w:1731:46:1685:20;69:b:1721:42:1679:20;70:w:1685:46:1639:20;71:b:1679:43:1636:20;72:w:1639:45:1594:20;73:b:1636:41:1595:20;74:w:1594:43:1551:20;75:b:1595:41:1554:20;76:w:1551:41:1510:20;77:b:1554:38:1516:20;78:w:1510:42:1468:20;79:b:1516:41:1475:20;80:w:1468:44:1424:20;81:b:1475:44:1431:20;82:w:1424:39:1385:20;83:b:1431:36:1395:20;84:w:1385:38:1347:20;85:b:1395:36:1359:20;86:w:1347:36:1311:20;87:b:1359:35:1324:20;88:w:1311:47:1264:20;89:b:1324:36:1288:20;90:w:1264:31:1233:20;91:b:1288:33:1255:20;92:w:1233:31:1202:20;93:b:1255:33:1222:20;94:w:1202:38:1164:20;95:b:1222:43:1179:20;96:w:1164:65:1099:20;97:b:1179:32:1147:20;98:w:1099:43:1056:20;99:b:1147:32:1115:20;100:w:1056:29:1027:20;101:b:1115:31:1084:20;102:w:1027:29:998:20;103:b:1084:32:1052:20;104:w:998:32:966:20;105:b:1052:30:1022:20;106:w:966:24:942:20;107:b:1022:27:995:20;108:w:942:25:917:20;109:b:995:27:968:20;110:w:917:27:890:20;111:b:968:27:941:20;112:w:890:28:862:20;113:b:941:25:916:20;114:w:862:32:830:20;115:b:916:28:888:20;116:w:830:22:808:20;117:b:888:23:865:20;118:w:808:21:787:20;119:b:865:21:844:20;120:w:787:24:763:20;121:b:844:23:821:20;122:w:763:21:742:20;123:b:821:26:795:20;124:w:742:21:721:20;125:b:795:20:775:20;126:w:721:18:703:20;127:b:775:20:755:20;128:w:703:18:685:20;129:b:755:18:737:20;130:w:685:18:667:20;131:b:737:21:716:20;132:w:667:17:650:20;133:b:716:17:699:20;134:w:650:16:634:20;135:b:699:18:681:20;136:w:634:16:618:20;137:b:681:17:664:20;138:w:618:16:602:20;139:b:664:17:647:20;140:w:602:16:586:20;141:b:647:17:630:20;142:w:586:16:570:20;143:b:630:15:615:20;144:w:570:14:556:20;145:b:615:14:601:20;146:w:556:14:542:20;147:b:601:21:580:20;148:w:542:16:526:20;149:b:580:19:561:20;150:w:526:13:513:20","d2d4 g8f6 c2c4 g7g6 b1c3 f8g7 e2e4 e8g8 f1e2 d7d6 g1f3 e7e5 d4e5 d6e5 c1e3 b8c6 h2h3 b7b6 d1c2 c6d4 c2d3 c8b7 f3d4 e5d4 e3d4 f8e8 e1g1 f6e4 d4g7 g8g7 c3d5 c7c6 d5e3 d8d3 e2d3 e4f6 f1d1 c6c5 d3c2 h7h5 c2a4 e8e6 d1d2 a8c8 a1d1 c8c7 a4d7 e6e5 d7b5 c7e7 a2a3 h5h4 d2d8 e5e4 b2b4 e4e5 g1h2 c5b4 a3b4 e5g5 d1d2 a7a5 b4a5 b6a5 d2a2 f6e4 d8d3 e4c5 d3a3 e7e4 a2d2 g5h5 d2d1 h5g5 d1d2 g5e5 d2d1 e5g5 d1d2 a5a4 d2c2 g5e5 b5a4 e4d4 a4b5 d4d8 c2a2 f7f5 a3a7 g7f6 a2a1 d8d2 a7a2 d2a2 a1a2 g6g5 h2g1 c5e6 b5a6 b7c6 a6c8 e5c5 c8e6 f6e6 a2e2 e6f6 e2b2 f6e5 b2a2 e5e6 a2e2 e6f6 f2f3 c5a5 g1f2 a5a1 e3d5 c6d5 c4d5 a1d1 e2e6 f6f7 e6e5 f7f6 e5e6 f6f7 f3f4 d1d5 e6h6 d5d2 f2f1 g5f4 h6h4 f4f3 g2f3 f7g6 h4b4 d2h2 h3h4 g6h6 b4b6 h6g7 b6b7 g7h6 b7b6 h6g7 b6b5 g7f6 b5b6 f6g7"
"23","11","white","baseline","checkmate","102","sudden","1213","1172","2787","2828","5:b:4000:101:3899:20;6:w:4000:100:3900:20;7:b:3899:98:3801:20;8:w:3900:96:3804:20;9:b:3801:97:3704:20;10:w:3804:94:3710:20;11:b:3704:92:3612:20;12:w:3710:95:3615:20;13:b:3612:100:3512:20;14:w:3615:91:3524:20;15:b:3512:133:3379:20;16:w:3524:99:3425:20;17:b:3379:105:3274:20;18:w:3425:88:3337:20;19:b:3274:91:3183:20;20:w:3337:87:3250:20;21:b:3183:85:3098:20;22:w:3250:84:3166:20;23:b:3098:84:3014:20;24:w:3166:80:3086:20;25:b:3014:76:2938:20;26:w:3086:82:3004:20;27:b:2938:76:2862:20;28:w:3004:74:2930:20;29:b:2862:75:2787:20;30:w:2930:82:2848:20;31:b:2787:74:2713:20;32:w:2848:73:2775:20;33:b:2713:69:2644:20;34:w:2775:71:2704:20;35:b:2644:80:2564:20;36:w:2704:90:2614:20;37:b:2564:70:2494:20;38:w:2614:74:2540:20;39:b:2494:65:2429:20;40:w:2540:87:2453:20;41:b:2429:74:2355:20;42:w:2453:76:2377:20;43:b:2355:61:2294:20;44:w:2377:63:2314:20;45:b:2294:61:2233:20;46:w:2314:65:2249:20;47:b:2233:65:2168:20;48:w:2249:63:2186:20;49:b:2168:64:2104:20;50:w:2186:55:2131:20;51:b:2104:59:2045:20;52:w:2131:59:2072:20;53:b:2045:51:1994:20;54:w:2072:56:2016:20;55:b:1994:52:1942:20;56:w:2016:49:1967:20;57:b:1942:52:1890:20;58:w:1967:51:1916:20;59:b:1890:48:1842:20;60:w:1916:50:1866:20;61:b:1842:47:1795:20;62:w:1866:45:1821:20;63:b:1795:46:1749:20;64:w:1821:44:1777:20;65:b:1749:44:1705:20;66:w:1777:45:1732:20;67:b:1705:45:1660:20;68:w:1732:43:1689:20;69:b:1660:43:1617:20;70:w:1689:43:1646:20;71:b:1617:43:1574:20;72:w:1646:41:1605:20;73:b:1574:43:1531:20;74:w:1605:43:1562:20;75:b:1531:43:1488:20;76:w:1562:39:1523:20;77:b:1488:45:1443:20;78:w:1523:39:1484:20;79:b:1443:37:1406:20;80:w:1484:37:1447:20;81:b:1406:35:1371:20;82:w:1447:35:1412:20;83:b:1371:34:1337:20;84:w:1412:36:1376:20;85:b:1337:32:1305:20;86:w:1376:34:1342:20;87:b:1305:36:1269:20;88:w:1342:34:1308:20;89:b:1269:32:1237:20;90:w:1308:35:1273:20;91:b:1237:40:1197:20;92:w:1273:35:1238:20;93:b:1197:18:1179:20;94:w:1238:23:1215:20;95:b:1179:2:1177:20;96:w:1215:1:1214:20;97:b:1177:2:1175:20;98:w:1214:1:1213:20;99:b:1175:2:1173:20;100:w:1213:0:1213:20;101:b:1173:1:1172:20;102:w:1213:0:1213:20","e2e4 c7c5 b1c3 b8c6 f2f4 e7e6 g1f3 d7d5 d2d3 b7b6 g2g3 c8b7 c1d2 f8e7 f1g2 g8f6 e1g1 d5e4 d3e4 e8g8 e4e5 f6d5 c3e4 b6b5 d1e2 d8b6 c2c3 c5c4 g1h1 a8d8 a1e1 b5b4 h2h4 b6b5 f3g5 h7h6 e2h5 b4c3 b2c3 b7a8 g3g4 b5a6 g5f3 c6b8 g4g5 b8d7 f3d4 a6a2 e1a1 a2b2 f4f5 d7e5 f1b1 b2d2 e4d2 d5f4 h5d1 a8g2 h1h2 h6g5 f5e6 f7e6 a1a7 e7d6 d4e6 f4e6 h2g2 d6c5 d1e1 e6f4 g2h1 f4d3 a7g7 g8g7 b1b7 g7g8 e1e2 f8f4 b7h7 d3f2 h1g2 f4g4 g2f1 f2d3 e2h2 g8h7 h4g5 h7g8 f1e2 d3f4 e2d1 e5f3 h2f4 g4f4 d1c1 f3d2 c1d1 d2e4 d1c1 f4f1 c1b2 d8d2"
"24","11","black","baseline","resignation","89","sudden","1001","1277","2723","2999","5:b:4000:118:3882:20;6:w:4000:125:3875:20;7:b:3882:100:3782:20;8:w:3875:103:3772:20;9:b:3782:99:3683:20;10:w:3772:100:3672:20;11:b:3683:97:3586:20;12:w:3672:94:3578:20;13:b:3586:89:3497:20;14:w:3578:93:3485:20;15:b:3497:90:3407:20;16:w:3485:94:3391:20;17:b:3407:85:3322:20;18:w:3391:92:3299:20;19:b:3322:83:3239:20;20:w:3299:86:3213:20;21:b:3239:86:3153:20;22:w:3213:81:3132:20;23:b:3153:87:3066:20;24:w:3132:87:3045:20;25:b:3066:76:2990:20;26:w:3045:78:2967:20;27:b:2990:79:2911:20;28:w:2967:108:2859:20;29:b:2911:80:2831:20;30:w:2859:79:2780:20;31:b:2831:72:2759:20;32:w:2780:76:2704:20;33:b:2759:72:2687:20;34:w:2704:69:2635:20;35:b:2687:71:2616:20;36:w:2635:73:2562:20;37:b:2616:69:2547:20;38:w:2562:66:2496:20;39:b:2547:67:2480:20;40:w:2496:62:2434:20;41:b:2480:63:2417:20;42:w:2434:67:2367:20;43:b:2417:62:2355:20;44:w:2367:61:2306:20;45:b:2355:61:2294:20;46:w:2306:58:2248:20;47:b:2294:59:2235:20;48:w:2248:63:2185:20;49:b:2235:54:2181:20;50:w:2185:54:2131:20;51:b:2181:55:2126:20;52:w:2131:72:2059:20;53:b:2126:54:2072:20;54:w:2059:69:1990:20;55:b:2072:51:2021:20;56:w:1990:72:1918:20;57:b:2021:51:1970:20;58:w:1918:65:1853:20;59:b:1970:49:1921:20;60:w:1853:65:1788:20;61:b:1921:54:1867:20;62:w:1788:62:1726:20;63:b:1867:51:1816:20;64:w:1726:60:1666:20;65:b:1816:45:1771:20;66:w:1666:58:1608:20;67:b:1771:43:1728:20;68:w:1608:55:1553:20;69:b:1728:44:1684:20;70:w:1553:53:1500:20;71:b:1684:43:1641:20;72:w:1500:51:1449:20;73:b:1641:44:1597:20;74:w:1449:57:1392:20;75:b:1597:41:1556:20;76:w:1392:50:1342:20;77:b:1556:41:1515:20;78:w:1342:54:1288:20;79:b:1515:45:1470:20;80:w:1288:95:1193:20;81:b:1470:47:1423:20;82:w:1193:58:1135:20;83:b:1423:35:1388:20;84:w:1135:48:1087:20;85:b:1388:38:1350:20;86:w:1087:44:1043:20;87:b:1350:36:1314:20;88:w:1043:42:1001:20;89:b:1314:37:1277:20","e2e4 c7c5 b1c3 b8c6 f2f4 g7g6 g1f3 f8g7 d2d3 d7d6 f1e2 g8f6 e1g1 e8g8 d1e1 e7e6 e1h4 a8b8 a2a4 b7b6 c3d1 c8a6 d1f2 f6h5 h4h3 e6e5 f4f5 h5f4 c1f4 e5f4 c2c3 c6e5 a1d1 d8e7 g2g3 f4g3 h2g3 e5f3 e2f3 b6b5 a4b5 b8b5 d1d2 e7g5 d2e2 f8b8 f1a1 a6c8 a1a7 g6f5 f3h5 f5f4 h5f7 g8h8 g3g4 h7h6 f7d5 c5c4 d3c4 b5b3 e4e5 d6e5 c4c5 b3b2 e2b2 b8b2 a7a8 g5d8 h3d3 d8c7 d5e6 e5e4 f2e4 c7e7 a8c8 g7f8 d3d4 h8h7 d4e5 b2b1 g1g2 f4f3 g2f3 b1f1 f3e3 f1e1 e3d3 e1e4 e5e4"
